"Group2","Marker","Group1","Date","Session","Treatment","subjects","Period","Subject","Group","Profit","TotalProfit","Participate","R1","Rank1","R2","Rank2","R0","Rank0","Group0","Type","TimeContinueWelcomeOK","charity","TimeOKChoiceCharityOK","TimeOKPart1OK","DictatorSelf","DictatorCharity","TimeOKUltimatumAgentOK","TimeOKPayoffInformationOK","answerPart2","TimeOKCodeToStartPart2OK","TimeOKPart2OK","answer1","answer2","answer3","answer4","TimeOKControlQuestionsOK","TimeOKGroupAssignmentOK","TimeOKPAPrincipalExpectedAcceptanceOK","TimeOKPAPrincipalEffortOK","OptimalWage","TimeOKPAAgentOK","TimeOKPAAgentEffortOK","PreferedWage","PreferedEffort","TimeOKPAAgentPreferedContractOK","TimeCONTINUEQuestionnaireOK","gender","age","study","TimeCONTINUEQuestion1SociecoOK","fair_wage","fair_effort","TimeCONTINUEQuestion2FairnessRatingsOK","Give_Charity","Punish_Self","Punish_Others","TimeCONTINUEQuestion3WillingnessToActOK","Favor_return","Favor_revenge","Favor_intentions","TimeCONTINUEQuestion4FavorOK","Gift","TimeCONTINUEQuestion5GiftOK","Donation_Good_Cause","TimeCONTINUEQuestion6DonationOK","UltimatumContractConcluded","PAContractConcluded","PAEffort","PAWage","UltimatumPayoff","PAPayoff","OptimalWagePayoff","OptimalWageBonus","NumCorrectAcceptGuesses","NumCorrectRefuseGuesses","PayoffPart1","TotalPayoff","PayoffCharityPart1","PayoffCharityPart1Euro","TotalPayoffCharity","TotalPayoffCharityEuro","TimeOKFinalPayoffCalculationOK","TimeOKFinalPayoffDisplayAgentOK","TimeOKFinalPayoffDisplayPrincipalOK","TimeTheEndTheEndOK","Ultimatum_Accept_Agent_atShare_Principal_10","Ultimatum_Accept_Agent_atShare_Principal_20","Ultimatum_Accept_Agent_atShare_Principal_30","Ultimatum_Accept_Agent_atShare_Principal_40","Ultimatum_Accept_Agent_atShare_Principal_50","Ultimatum_Accept_Agent_atShare_Principal_60","Ultimatum_Accept_Agent_atShare_Principal_70","Ultimatum_Accept_Agent_atShare_Principal_80","Ultimatum_Accept_Agent_atShare_Principal_90","PA_Accept_Agent_atWage_1","PA_Accept_Agent_atWage_3","PA_Accept_Agent_atWage_5","PA_Accept_Agent_atWage_10","PA_Accept_Agent_atWage_15","PA_Accept_Agent_atWage_20","PA_Accept_Agent_atWage_25","PA_Accept_Agent_atWage_30","PA_Accept_Agent_atWage_35","PA_Accept_Agent_atWage_40","PA_Accept_Agent_atWage_45","PA_Accept_Agent_atWage_50","PA_Accept_Agent_atWage_55","PA_Accept_Agent_atWage_60","PA_Accept_Agent_atWage_65","PA_Accept_Agent_atWage_75","PA_Accept_Agent_atWage_85","PA_Accept_Agent_atWage_95","PA_OfferedEffort_Agent_atWage_1","PA_OfferedEffort_Agent_atWage_3","PA_OfferedEffort_Agent_atWage_5","PA_OfferedEffort_Agent_atWage_10","PA_OfferedEffort_Agent_atWage_15","PA_OfferedEffort_Agent_atWage_20","PA_OfferedEffort_Agent_atWage_25","PA_OfferedEffort_Agent_atWage_30","PA_OfferedEffort_Agent_atWage_35","PA_OfferedEffort_Agent_atWage_40","PA_OfferedEffort_Agent_atWage_45","PA_OfferedEffort_Agent_atWage_50","PA_OfferedEffort_Agent_atWage_55","PA_OfferedEffort_Agent_atWage_60","PA_OfferedEffort_Agent_atWage_65","PA_OfferedEffort_Agent_atWage_75","PA_OfferedEffort_Agent_atWage_85","PA_OfferedEffort_Agent_atWage_95","Ultimatum_Offer_Principal","PA_Offer_Principal","PA_ExpectedAcceptance_Principal_atWage_1","PA_ExpectedAcceptance_Principal_atWage_3","PA_ExpectedAcceptance_Principal_atWage_5","PA_ExpectedAcceptance_Principal_atWage_10","PA_ExpectedAcceptance_Principal_atWage_15","PA_ExpectedAcceptance_Principal_atWage_20","PA_ExpectedAcceptance_Principal_atWage_25","PA_ExpectedAcceptance_Principal_atWage_30","PA_ExpectedAcceptance_Principal_atWage_35","PA_ExpectedAcceptance_Principal_atWage_40","PA_ExpectedAcceptance_Principal_atWage_45","PA_ExpectedAcceptance_Principal_atWage_50","PA_ExpectedAcceptance_Principal_atWage_55","PA_ExpectedAcceptance_Principal_atWage_60","PA_ExpectedAcceptance_Principal_atWage_65","PA_ExpectedAcceptance_Principal_atWage_75","PA_ExpectedAcceptance_Principal_atWage_85","PA_ExpectedAcceptance_Principal_atWage_95","PA_ExpectedEffort_Principal_atWage_1","PA_ExpectedEffort_Principal_atWage_3","PA_ExpectedEffort_Principal_atWage_5","PA_ExpectedEffort_Principal_atWage_10","PA_ExpectedEffort_Principal_atWage_15","PA_ExpectedEffort_Principal_atWage_20","PA_ExpectedEffort_Principal_atWage_25","PA_ExpectedEffort_Principal_atWage_30","PA_ExpectedEffort_Principal_atWage_35","PA_ExpectedEffort_Principal_atWage_40","PA_ExpectedEffort_Principal_atWage_45","PA_ExpectedEffort_Principal_atWage_50","PA_ExpectedEffort_Principal_atWage_55","PA_ExpectedEffort_Principal_atWage_60","PA_ExpectedEffort_Principal_atWage_65","PA_ExpectedEffort_Principal_atWage_75","PA_ExpectedEffort_Principal_atWage_85","PA_ExpectedEffort_Principal_atWage_95"
1,1,10,"221025_0833",1,"PAN","subjects",1,19,1,19.193,19.193,1,0.10656312,10,0.906561219,1,0.193332715,9,9,2,99999,12,99999,99999,70,30,99999,99999,260027,99999,99999,150,10,1,0,99999,99999,0,0,0,99999,99999,95,5,99999,99999,1,28,1,99999,95,5,99999,5,9,10,99999,10,10,8,99999,5,99999,50,99999,1,1,4,75,50,171,0,0,0,0,120,171,30,2.49,-1,-1,99999,99999,0,99999,1,1,1,1,1,NA,NA,NA,NA,NA,NA,NA,1,1,1,1,1,1,1,1,1,1,1,1,1,1,1,NA,NA,NA,1,1,1,2,2,2,2,3,3,3,3,4,4,5,5,NA,NA,NA,NA,NA,NA,NA,NA,NA,NA,NA,NA,NA,NA,NA,NA,NA,NA,NA,NA,NA,NA,NA,NA,NA,NA,NA,NA,NA,NA,NA,NA,NA,NA,NA,NA,NA,NA
1,2,4,"221025_1023",2,"PAN","subjects",1,19,1,9.15,9.15,1,0.75301381,4,0.998040228,1,0.004519967,10,10,2,99999,1,99999,99999,50,50,99999,99999,260027,99999,99999,150,10,1,0,99999,99999,0,0,0,99999,99999,75,7,99999,99999,1,23,3,99999,95,10,99999,8,0,6,99999,9,0,10,99999,6,99999,500,99999,0,1,10,95,0,177,0,0,0,0,50,50,50,4.15,50,4.15,99999,99999,0,99999,1,1,1,1,1,NA,NA,NA,NA,NA,NA,NA,NA,1,1,1,1,1,1,1,1,1,1,1,1,1,1,NA,NA,NA,NA,1,1,1,2,2,3,4,4,5,6,7,8,9,10,NA,NA,NA,NA,NA,NA,NA,NA,NA,NA,NA,NA,NA,NA,NA,NA,NA,NA,NA,NA,NA,NA,NA,NA,NA,NA,NA,NA,NA,NA,NA,NA,NA,NA,NA,NA,NA,NA
1,3,2,"221025_1237",3,"PAN","subjects",1,14,1,13.715,13.715,1,0.911308561,2,0.900077985,1,0.573163323,6,6,2,99999,1,99999,99999,50,50,99999,99999,260027,99999,99999,150,10,1,0,99999,99999,0,0,0,99999,99999,95,9,99999,99999,0,24,3,99999,10,5,99999,8,6,9,99999,10,1,5,99999,4,99999,20,99999,1,0,0,30,50,105,0,0,0,0,100,105,50,4.15,-1,-1,99999,99999,0,99999,1,1,1,1,1,NA,NA,NA,NA,NA,NA,NA,NA,NA,NA,NA,NA,NA,NA,NA,NA,NA,NA,1,1,1,1,NA,NA,NA,NA,NA,NA,NA,NA,NA,NA,NA,NA,NA,NA,7,8,9,10,NA,NA,NA,NA,NA,NA,NA,NA,NA,NA,NA,NA,NA,NA,NA,NA,NA,NA,NA,NA,NA,NA,NA,NA,NA,NA,NA,NA,NA,NA,NA,NA,NA,NA,NA,NA,NA,NA
1,4,7,"221025_1434",4,"PAN","subjects",1,17,1,19.691,19.691,1,0.546231787,7,0.944432269,1,0.034936437,10,10,2,99999,3,99999,99999,100,0,99999,99999,260027,99999,99999,150,10,1,0,99999,99999,0,0,0,99999,99999,50,7,99999,99999,1,21,3,99999,50,5,99999,5,0,2,99999,9,1,3,99999,5,99999,500,99999,1,1,10,95,50,177,0,0,0,0,150,177,0,0,-1,-1,99999,99999,0,99999,1,1,1,1,1,1,1,1,1,1,1,1,1,1,1,1,1,1,1,1,1,1,1,1,1,1,1,2,3,4,7,8,8,8,8,8,8,8,9,9,9,9,10,10,10,NA,NA,NA,NA,NA,NA,NA,NA,NA,NA,NA,NA,NA,NA,NA,NA,NA,NA,NA,NA,NA,NA,NA,NA,NA,NA,NA,NA,NA,NA,NA,NA,NA,NA,NA,NA,NA,NA
1,5,3,"221026_0839",5,"PAN","subjects",1,11,1,13.715,13.715,1,0.332750749,3,0.928334781,1,0.179716172,4,4,2,99999,8,99999,99999,80,20,99999,99999,260027,99999,99999,150,10,1,0,99999,99999,0,0,0,99999,99999,95,7,99999,99999,0,23,2,99999,95,7,99999,2,1,4,99999,9,2,5,99999,5,99999,0,99999,1,0,0,25,50,105,0,0,0,0,130,105,20,1.66,-1,-1,99999,99999,0,99999,NA,NA,NA,NA,1,1,NA,NA,NA,NA,NA,NA,NA,NA,NA,NA,NA,1,1,1,1,1,1,1,1,1,1,NA,NA,NA,NA,NA,NA,NA,NA,1,2,3,4,4,4,4,5,6,7,NA,NA,NA,NA,NA,NA,NA,NA,NA,NA,NA,NA,NA,NA,NA,NA,NA,NA,NA,NA,NA,NA,NA,NA,NA,NA,NA,NA,NA,NA,NA,NA,NA,NA,NA,NA,NA,NA
1,6,8,"221026_1030",6,"PAN","subjects",1,13,1,15.375,15.375,1,0.388368219,8,0.887928114,1,0.078903053,10,10,2,99999,3,99999,99999,10,90,99999,99999,260027,99999,99999,150,10,1,0,99999,99999,0,0,0,99999,99999,95,1,99999,99999,1,50,3,99999,35,5,99999,8,5,10,99999,7,6,7,99999,3,99999,500,99999,0,1,1,25,0,125,0,0,0,0,10,125,90,7.47,-1,-1,99999,99999,0,99999,NA,NA,NA,NA,1,NA,NA,NA,NA,NA,NA,NA,NA,NA,1,1,1,1,1,1,1,1,1,1,1,1,1,NA,NA,NA,NA,NA,1,1,1,1,1,1,1,1,1,1,1,1,1,NA,NA,NA,NA,NA,NA,NA,NA,NA,NA,NA,NA,NA,NA,NA,NA,NA,NA,NA,NA,NA,NA,NA,NA,NA,NA,NA,NA,NA,NA,NA,NA,NA,NA,NA,NA,NA,NA
10,1,8,"221025_0833",1,"PAN","subjects",1,16,1,14.462,14.462,1,0.232688843,8,0.162413496,10,0.016982668,12,12,2,99999,6,99999,99999,50,50,99999,99999,260027,99999,99999,150,10,1,0,99999,99999,0,0,0,99999,99999,95,5,99999,99999,0,19,3,99999,50,5,99999,7,4,0,99999,10,4,0,99999,2,99999,0,99999,0,1,5,20,0,114,0,0,0,0,50,114,50,4.15,-1,-1,99999,99999,0,99999,NA,NA,NA,NA,1,NA,NA,NA,NA,1,1,1,1,1,1,1,1,1,1,1,1,1,1,1,1,1,1,5,5,5,5,5,5,5,5,5,5,5,5,5,5,5,5,5,5,NA,NA,NA,NA,NA,NA,NA,NA,NA,NA,NA,NA,NA,NA,NA,NA,NA,NA,NA,NA,NA,NA,NA,NA,NA,NA,NA,NA,NA,NA,NA,NA,NA,NA,NA,NA,NA,NA
10,2,5,"221025_1023",2,"PAN","subjects",1,16,1,17.45,17.45,1,0.506161197,5,0.190791677,10,0.188998061,9,9,2,99999,12,99999,99999,100,0,99999,99999,260027,99999,99999,150,10,1,0,99999,99999,0,0,0,99999,99999,95,1,99999,99999,0,19,2,99999,95,5,99999,2,1,1,99999,7,1,3,99999,2,99999,0,99999,1,1,1,60,50,160,0,0,0,0,150,150,0,0,0,0,99999,99999,0,99999,1,1,1,1,1,NA,NA,NA,NA,NA,NA,NA,NA,NA,NA,NA,NA,1,1,1,1,1,1,1,1,1,1,NA,NA,NA,NA,NA,NA,NA,NA,1,1,1,1,1,1,1,1,1,1,NA,NA,NA,NA,NA,NA,NA,NA,NA,NA,NA,NA,NA,NA,NA,NA,NA,NA,NA,NA,NA,NA,NA,NA,NA,NA,NA,NA,NA,NA,NA,NA,NA,NA,NA,NA,NA,NA
10,3,6,"221025_1237",3,"PAN","subjects",1,24,1,13.715,13.715,1,0.846213322,6,0.18421748,10,0.230670689,11,11,2,99999,10,99999,99999,40,60,99999,99999,260027,99999,99999,150,10,1,0,99999,99999,0,0,0,99999,99999,95,10,99999,99999,1,20,2,99999,85,8,99999,6,2,3,99999,5,2,6,99999,3,99999,100,99999,1,0,0,1,30,105,0,0,0,0,70,105,60,4.98,-1,-1,99999,99999,0,99999,1,1,1,1,1,1,1,1,1,NA,NA,NA,NA,NA,NA,NA,NA,NA,NA,NA,1,1,1,1,1,1,1,NA,NA,NA,NA,NA,NA,NA,NA,NA,NA,NA,7,7,8,8,9,9,10,NA,NA,NA,NA,NA,NA,NA,NA,NA,NA,NA,NA,NA,NA,NA,NA,NA,NA,NA,NA,NA,NA,NA,NA,NA,NA,NA,NA,NA,NA,NA,NA,NA,NA,NA,NA,NA,NA
10,4,4,"221025_1434",4,"PAN","subjects",1,20,1,17.284,17.284,1,0.870036645,4,0.020548465,10,0.063919204,9,9,2,99999,5,99999,99999,70,30,99999,99999,260027,99999,99999,150,10,1,0,99999,99999,0,0,0,99999,99999,35,2,99999,99999,1,23,1,99999,35,2,99999,6,3,5,99999,10,4,3,99999,1,99999,100,99999,1,1,3,50,50,148,0,0,0,0,120,148,30,2.49,-1,-1,99999,99999,0,99999,NA,NA,NA,NA,1,NA,NA,NA,NA,NA,NA,NA,NA,NA,NA,NA,NA,1,1,1,1,1,1,1,1,1,1,NA,NA,NA,NA,NA,NA,NA,NA,2,3,3,3,3,3,4,4,5,5,NA,NA,NA,NA,NA,NA,NA,NA,NA,NA,NA,NA,NA,NA,NA,NA,NA,NA,NA,NA,NA,NA,NA,NA,NA,NA,NA,NA,NA,NA,NA,NA,NA,NA,NA,NA,NA,NA
10,6,5,"221026_1030",6,"PAN","subjects",1,18,1,15.79,15.79,1,0.637250761,5,0.148234544,10,0.909273329,2,2,2,99999,1,99999,99999,90,10,99999,99999,260027,99999,99999,150,10,1,0,99999,99999,0,0,0,99999,99999,95,5,99999,99999,1,26,3,99999,95,5,99999,5,5,5,99999,5,5,5,99999,3,99999,100,99999,1,1,1,30,50,130,0,0,0,0,140,130,10,0.83,-1,-1,99999,99999,0,99999,1,1,1,1,1,1,NA,NA,NA,NA,NA,NA,1,1,1,1,1,1,1,1,1,1,1,1,1,1,1,NA,NA,NA,1,1,1,1,1,2,5,5,5,5,5,5,5,5,5,NA,NA,NA,NA,NA,NA,NA,NA,NA,NA,NA,NA,NA,NA,NA,NA,NA,NA,NA,NA,NA,NA,NA,NA,NA,NA,NA,NA,NA,NA,NA,NA,NA,NA,NA,NA,NA,NA
11,1,12,"221025_0833",1,"PAN","subjects",1,22,1,16.952,16.952,1,0.006353353,12,0.13715534,11,0.836135864,4,4,2,99999,3,99999,99999,50,50,99999,99999,260027,99999,99999,150,10,1,0,99999,99999,0,0,0,99999,99999,95,5,99999,99999,1,25,3,99999,95,5,99999,10,10,10,99999,8,9,2,99999,5,99999,400,99999,1,1,2,45,50,144,0,0,0,0,100,144,50,4.15,-1,-1,99999,99999,0,99999,1,1,1,1,1,NA,NA,NA,NA,NA,NA,NA,NA,NA,1,1,1,1,1,1,1,1,1,1,1,1,1,NA,NA,NA,NA,NA,1,1,1,2,2,2,2,3,3,3,4,5,5,NA,NA,NA,NA,NA,NA,NA,NA,NA,NA,NA,NA,NA,NA,NA,NA,NA,NA,NA,NA,NA,NA,NA,NA,NA,NA,NA,NA,NA,NA,NA,NA,NA,NA,NA,NA,NA,NA
11,3,10,"221025_1237",3,"PAN","subjects",1,16,1,13.715,13.715,1,0.371386888,10,0.075098722,11,0.160359888,12,12,2,99999,8,99999,99999,100,0,99999,99999,260027,99999,99999,150,10,1,0,99999,99999,0,0,0,99999,99999,95,10,99999,99999,0,19,1,99999,95,5,99999,5,2,6,99999,10,2,0,99999,1,99999,0,99999,1,0,0,20,50,105,0,0,0,0,150,105,0,0,-1,-1,99999,99999,0,99999,NA,NA,NA,NA,1,NA,NA,NA,NA,NA,NA,NA,NA,NA,NA,NA,NA,NA,NA,NA,1,1,1,1,1,1,1,NA,NA,NA,NA,NA,NA,NA,NA,NA,NA,NA,4,5,6,7,8,9,10,NA,NA,NA,NA,NA,NA,NA,NA,NA,NA,NA,NA,NA,NA,NA,NA,NA,NA,NA,NA,NA,NA,NA,NA,NA,NA,NA,NA,NA,NA,NA,NA,NA,NA,NA,NA,NA,NA
12,1,2,"221025_0833",1,"PAN","subjects",1,15,1,15.79,15.79,1,0.842026705,2,0.118523399,12,0.031725105,11,11,2,99999,5,99999,99999,100,0,99999,99999,260027,99999,99999,150,10,1,0,99999,99999,0,0,0,99999,99999,95,1,99999,99999,1,27,3,99999,55,3,99999,8,8,8,99999,10,9,1,99999,1,99999,0,99999,1,1,1,30,50,130,0,0,0,0,150,130,0,0,-1,-1,99999,99999,0,99999,1,1,1,1,1,1,1,1,1,NA,NA,NA,1,1,1,1,1,1,1,1,1,1,1,1,1,1,1,NA,NA,NA,1,1,1,1,1,1,1,1,1,1,1,1,1,1,1,NA,NA,NA,NA,NA,NA,NA,NA,NA,NA,NA,NA,NA,NA,NA,NA,NA,NA,NA,NA,NA,NA,NA,NA,NA,NA,NA,NA,NA,NA,NA,NA,NA,NA,NA,NA,NA,NA
12,3,1,"221025_1237",3,"PAN","subjects",1,19,1,15.79,15.79,1,0.979041246,1,0.032426957,12,0.539314397,9,9,2,99999,1,99999,99999,90,10,99999,99999,260027,99999,99999,150,10,1,0,99999,99999,0,0,0,99999,99999,95,1,99999,99999,0,19,2,99999,95,10,99999,6,7,5,99999,9,7,5,99999,1,99999,10,99999,1,1,1,30,50,130,0,0,0,0,140,130,10,0.83,-1,-1,99999,99999,0,99999,1,1,1,1,1,1,1,1,1,NA,NA,NA,1,1,1,1,1,1,1,1,1,1,1,1,1,1,1,NA,NA,NA,1,1,1,1,1,1,1,1,2,2,2,2,2,2,3,NA,NA,NA,NA,NA,NA,NA,NA,NA,NA,NA,NA,NA,NA,NA,NA,NA,NA,NA,NA,NA,NA,NA,NA,NA,NA,NA,NA,NA,NA,NA,NA,NA,NA,NA,NA,NA,NA
2,1,3,"221025_0833",1,"PAN","subjects",1,18,1,17.865,17.865,1,0.807420476,3,0.896332706,2,0.379595794,7,7,2,99999,6,99999,99999,90,10,99999,99999,260027,99999,99999,150,10,1,0,99999,99999,0,0,0,99999,99999,95,1,99999,99999,1,22,1,99999,95,5,99999,7,2,2,99999,10,2,5,99999,2,99999,100,99999,1,1,1,55,50,155,0,0,0,0,140,155,10,0.83,-1,-1,99999,99999,0,99999,1,1,1,1,1,1,1,1,NA,NA,NA,NA,1,1,1,1,1,1,1,1,1,1,1,1,1,1,1,NA,NA,NA,1,1,1,1,1,1,1,1,1,1,1,1,1,1,1,NA,NA,NA,NA,NA,NA,NA,NA,NA,NA,NA,NA,NA,NA,NA,NA,NA,NA,NA,NA,NA,NA,NA,NA,NA,NA,NA,NA,NA,NA,NA,NA,NA,NA,NA,NA,NA,NA
2,2,10,"221025_1023",2,"PAN","subjects",1,14,1,12.47,12.47,1,0.077469609,10,0.952656214,2,0.731272216,4,4,2,99999,6,99999,99999,90,10,99999,99999,260027,99999,99999,150,10,1,0,99999,99999,0,0,0,99999,99999,95,1,99999,99999,1,24,3,99999,95,5,99999,1,8,6,99999,9,6,4,99999,6,99999,50,99999,0,0,0,35,0,105,0,0,0,0,90,90,10,0.83,10,0.83,99999,99999,0,99999,1,1,1,1,1,NA,NA,NA,NA,NA,NA,NA,NA,NA,NA,NA,NA,NA,NA,NA,NA,NA,1,1,1,1,1,NA,NA,NA,NA,NA,NA,NA,NA,NA,NA,NA,NA,NA,5,4,3,2,1,NA,NA,NA,NA,NA,NA,NA,NA,NA,NA,NA,NA,NA,NA,NA,NA,NA,NA,NA,NA,NA,NA,NA,NA,NA,NA,NA,NA,NA,NA,NA,NA,NA,NA,NA,NA,NA,NA
2,3,8,"221025_1237",3,"PAN","subjects",1,23,1,20.687,20.687,1,0.640788151,8,0.887422878,2,0.304270917,10,10,2,99999,8,99999,99999,80,20,99999,99999,260027,99999,99999,150,10,1,0,99999,99999,0,0,0,99999,99999,55,3,99999,99999,0,23,3,99999,55,3,99999,8,3,3,99999,10,5,7,99999,4,99999,0,99999,0,1,5,95,0,189,0,0,0,0,80,189,20,1.66,-1,-1,99999,99999,0,99999,1,1,1,1,1,NA,NA,NA,NA,NA,NA,NA,NA,NA,NA,NA,NA,1,1,1,1,1,1,1,1,1,1,NA,NA,NA,NA,NA,NA,NA,NA,1,1,2,2,3,3,4,4,5,5,NA,NA,NA,NA,NA,NA,NA,NA,NA,NA,NA,NA,NA,NA,NA,NA,NA,NA,NA,NA,NA,NA,NA,NA,NA,NA,NA,NA,NA,NA,NA,NA,NA,NA,NA,NA,NA,NA
2,4,1,"221025_1434",4,"PAN","subjects",1,13,1,17.118,17.118,1,0.953721268,1,0.855240111,2,0.243774608,8,8,2,99999,2,99999,99999,90,10,99999,99999,260027,99999,99999,150,10,1,0,99999,99999,0,0,0,99999,99999,95,5,99999,99999,1,19,3,99999,95,5,99999,5,2,7,99999,9,1,5,99999,3,99999,0,99999,1,1,4,50,50,146,0,0,0,0,140,146,10,0.83,-1,-1,99999,99999,0,99999,1,1,1,1,1,1,1,1,NA,NA,NA,NA,NA,NA,NA,1,1,1,1,1,1,1,1,1,1,1,1,NA,NA,NA,NA,NA,NA,2,3,3,3,3,4,4,4,4,5,5,5,NA,NA,NA,NA,NA,NA,NA,NA,NA,NA,NA,NA,NA,NA,NA,NA,NA,NA,NA,NA,NA,NA,NA,NA,NA,NA,NA,NA,NA,NA,NA,NA,NA,NA,NA,NA,NA,NA
2,5,5,"221026_0839",5,"PAN","subjects",1,9,1,20.189,20.189,1,0.07162458,5,0.857608839,2,0.014463846,6,6,2,99999,7,99999,99999,80,20,99999,99999,260027,99999,99999,150,10,1,0,99999,99999,0,0,0,99999,99999,95,8,99999,99999,0,23,1,99999,95,6,99999,4,1,1,99999,9,1,1,99999,3,99999,50,99999,1,1,8,95,50,183,0,0,0,0,130,183,20,1.66,-1,-1,99999,99999,0,99999,1,1,1,1,1,1,1,1,1,NA,NA,NA,NA,NA,1,1,1,1,1,1,1,1,1,1,1,1,1,NA,NA,NA,NA,NA,2,3,4,4,4,4,4,4,5,6,6,7,8,NA,NA,NA,NA,NA,NA,NA,NA,NA,NA,NA,NA,NA,NA,NA,NA,NA,NA,NA,NA,NA,NA,NA,NA,NA,NA,NA,NA,NA,NA,NA,NA,NA,NA,NA,NA,NA,NA
2,6,10,"221026_1030",6,"PAN","subjects",1,20,1,16.371,16.371,1,0.27353789,10,0.677695732,2,0.156001028,9,9,2,99999,2,99999,99999,90,10,99999,99999,260027,99999,99999,150,10,1,0,99999,99999,0,0,0,99999,99999,50,10,99999,99999,1,26,3,99999,50,5,99999,8,5,8,99999,10,0,5,99999,2,99999,0,99999,1,1,10,55,50,137,0,0,0,0,140,137,10,0.83,-1,-1,99999,99999,0,99999,1,1,1,1,1,1,NA,NA,NA,1,1,1,1,1,1,1,1,1,1,1,1,1,1,1,1,1,1,10,10,10,10,10,10,10,10,10,10,10,10,10,10,10,10,10,10,NA,NA,NA,NA,NA,NA,NA,NA,NA,NA,NA,NA,NA,NA,NA,NA,NA,NA,NA,NA,NA,NA,NA,NA,NA,NA,NA,NA,NA,NA,NA,NA,NA,NA,NA,NA,NA,NA
3,1,6,"221025_0833",1,"PAN","subjects",1,24,1,16.122,16.122,1,0.532683077,6,0.892290061,3,0.189181438,10,10,2,99999,3,99999,99999,50,50,99999,99999,260027,99999,99999,150,10,1,0,99999,99999,0,0,0,99999,99999,95,4,99999,99999,1,23,2,99999,95,7,99999,7,6,2,99999,8,7,5,99999,5,99999,20,99999,1,1,2,35,50,134,0,0,0,0,100,134,50,4.15,-1,-1,99999,99999,0,99999,NA,NA,NA,1,1,1,NA,NA,NA,NA,NA,NA,1,1,1,1,1,1,1,1,1,1,1,1,1,1,1,NA,NA,NA,1,1,1,1,2,2,2,2,2,2,3,3,3,3,4,NA,NA,NA,NA,NA,NA,NA,NA,NA,NA,NA,NA,NA,NA,NA,NA,NA,NA,NA,NA,NA,NA,NA,NA,NA,NA,NA,NA,NA,NA,NA,NA,NA,NA,NA,NA,NA,NA
3,2,9,"221025_1023",2,"PAN","subjects",1,15,1,15.79,15.79,1,0.101881166,9,0.869538665,3,0.998207396,1,1,2,99999,8,99999,99999,80,20,99999,99999,260027,99999,99999,150,10,1,0,99999,99999,0,0,0,99999,99999,60,4,99999,99999,0,27,3,99999,75,7,99999,8,0,8,99999,9,1,6,99999,2,99999,100,99999,1,1,5,85,50,179,0,0,0,0,130,130,20,1.66,20,1.66,99999,99999,0,99999,NA,NA,NA,NA,1,NA,NA,NA,NA,NA,NA,NA,NA,NA,NA,NA,NA,NA,NA,NA,NA,NA,1,1,1,1,1,NA,NA,NA,NA,NA,NA,NA,NA,NA,NA,NA,NA,NA,4,4,5,5,6,NA,NA,NA,NA,NA,NA,NA,NA,NA,NA,NA,NA,NA,NA,NA,NA,NA,NA,NA,NA,NA,NA,NA,NA,NA,NA,NA,NA,NA,NA,NA,NA,NA,NA,NA,NA,NA,NA
3,3,9,"221025_1237",3,"PAN","subjects",1,22,1,20.189,20.189,1,0.511308256,9,0.524630592,3,0.94978759,1,1,2,99999,1,99999,99999,70,30,99999,99999,260027,99999,99999,150,10,1,0,99999,99999,0,0,0,99999,99999,95,8,99999,99999,0,27,3,99999,60,7,99999,7,1,3,99999,10,1,2,99999,2,99999,0,99999,0,1,8,95,0,183,0,0,0,0,70,183,30,2.49,-1,-1,99999,99999,0,99999,1,NA,NA,NA,NA,NA,NA,NA,NA,NA,NA,NA,NA,NA,NA,NA,NA,NA,NA,NA,1,1,1,1,1,1,1,NA,NA,NA,NA,NA,NA,NA,NA,NA,NA,NA,5,5,6,6,7,8,8,NA,NA,NA,NA,NA,NA,NA,NA,NA,NA,NA,NA,NA,NA,NA,NA,NA,NA,NA,NA,NA,NA,NA,NA,NA,NA,NA,NA,NA,NA,NA,NA,NA,NA,NA,NA,NA,NA
3,4,10,"221025_1434",4,"PAN","subjects",1,14,1,14.545,14.545,1,0.009341908,10,0.748757525,3,0.247116523,7,7,2,99999,5,99999,99999,100,0,99999,99999,260027,99999,99999,150,10,1,0,99999,99999,0,0,0,99999,99999,95,10,99999,99999,0,25,2,99999,95,10,99999,7,7,8,99999,8,5,7,99999,5,99999,50,99999,1,1,1,15,40,115,0,0,0,0,140,115,0,0,-1,-1,99999,99999,0,99999,1,1,1,1,1,1,NA,NA,NA,NA,NA,NA,1,1,1,1,1,1,1,1,1,1,1,1,1,1,1,NA,NA,NA,1,1,1,1,1,1,1,1,1,1,1,1,6,6,10,NA,NA,NA,NA,NA,NA,NA,NA,NA,NA,NA,NA,NA,NA,NA,NA,NA,NA,NA,NA,NA,NA,NA,NA,NA,NA,NA,NA,NA,NA,NA,NA,NA,NA,NA,NA,NA,NA
3,5,6,"221026_0839",5,"PAN","subjects",1,10,1,16.205,16.205,1,0.027395824,6,0.631895643,3,0.056490347,5,5,2,99999,6,99999,99999,80,20,99999,99999,260027,99999,99999,150,10,1,0,99999,99999,0,0,0,99999,99999,95,10,99999,99999,1,29,3,99999,95,5,99999,8,4,6,99999,10,1,6,99999,3,99999,50,99999,1,1,1,35,50,135,0,0,0,0,130,135,20,1.66,-1,-1,99999,99999,0,99999,1,1,1,1,1,NA,NA,NA,NA,NA,NA,NA,NA,NA,NA,1,1,1,1,1,1,1,1,1,1,1,1,NA,NA,NA,NA,NA,NA,1,1,1,4,4,4,6,8,8,9,10,10,NA,NA,NA,NA,NA,NA,NA,NA,NA,NA,NA,NA,NA,NA,NA,NA,NA,NA,NA,NA,NA,NA,NA,NA,NA,NA,NA,NA,NA,NA,NA,NA,NA,NA,NA,NA,NA,NA
3,6,6,"221026_1030",6,"PAN","subjects",1,11,1,13.715,13.715,1,0.613589248,6,0.666254996,3,0.284328817,7,7,2,99999,6,99999,99999,90,10,99999,99999,260027,99999,99999,150,10,1,0,99999,99999,0,0,0,99999,99999,75,9,99999,99999,1,30,3,99999,95,7,99999,6,4,6,99999,6,0,6,99999,3,99999,100,99999,1,0,0,35,40,105,0,0,0,0,130,105,10,0.83,-1,-1,99999,99999,0,99999,NA,NA,NA,1,1,1,1,1,1,NA,NA,NA,NA,NA,NA,NA,NA,NA,1,1,1,1,1,1,1,1,1,NA,NA,NA,NA,NA,NA,NA,NA,NA,8,7,8,9,9,9,9,10,10,NA,NA,NA,NA,NA,NA,NA,NA,NA,NA,NA,NA,NA,NA,NA,NA,NA,NA,NA,NA,NA,NA,NA,NA,NA,NA,NA,NA,NA,NA,NA,NA,NA,NA,NA,NA,NA,NA
4,1,7,"221025_0833",1,"PAN","subjects",1,21,1,15.79,15.79,1,0.317595029,7,0.719694032,4,0.935469299,2,2,2,99999,6,99999,99999,60,40,99999,99999,260027,99999,99999,150,10,1,0,99999,99999,0,0,0,99999,99999,50,6,99999,99999,1,21,3,99999,40,4,99999,7,3,3,99999,9,3,9,99999,1,99999,250,99999,1,1,1,30,50,130,0,0,0,0,110,130,40,3.32,-1,-1,99999,99999,0,99999,NA,NA,NA,1,1,1,NA,NA,NA,NA,NA,NA,NA,NA,NA,1,1,1,1,1,1,1,1,1,1,1,1,NA,NA,NA,NA,NA,NA,4,1,4,2,4,5,4,3,4,5,5,5,NA,NA,NA,NA,NA,NA,NA,NA,NA,NA,NA,NA,NA,NA,NA,NA,NA,NA,NA,NA,NA,NA,NA,NA,NA,NA,NA,NA,NA,NA,NA,NA,NA,NA,NA,NA,NA,NA
4,2,1,"221025_1023",2,"PAN","subjects",1,11,1,9.15,9.15,1,0.95905075,1,0.791870637,4,0.707648248,5,5,2,99999,2,99999,99999,10,90,99999,99999,260027,99999,99999,150,10,1,0,99999,99999,0,0,0,99999,99999,50,6,99999,99999,0,18,3,99999,55,6,99999,7,1,5,99999,10,2,1,99999,1,99999,0,99999,1,1,6,75,40,167,0,0,0,0,50,50,90,7.47,90,7.47,99999,99999,0,99999,1,1,1,1,1,1,1,1,1,NA,NA,NA,NA,NA,NA,1,1,1,1,1,1,1,1,1,1,1,1,NA,NA,NA,NA,NA,NA,1,2,2,3,4,5,6,6,6,6,8,10,NA,NA,NA,NA,NA,NA,NA,NA,NA,NA,NA,NA,NA,NA,NA,NA,NA,NA,NA,NA,NA,NA,NA,NA,NA,NA,NA,NA,NA,NA,NA,NA,NA,NA,NA,NA,NA,NA
4,3,12,"221025_1237",3,"PAN","subjects",1,17,1,18.28,18.28,1,0.062870333,12,0.478684002,4,0.558811792,8,8,2,99999,7,99999,99999,80,20,99999,99999,260027,99999,99999,150,10,1,0,99999,99999,0,0,0,99999,99999,95,5,99999,99999,0,42,3,99999,95,6,99999,6,4,3,99999,8,4,6,99999,3,99999,50,99999,1,1,9,75,40,160,0,0,0,0,120,160,20,1.66,-1,-1,99999,99999,0,99999,1,1,1,1,1,1,1,NA,NA,NA,NA,NA,NA,NA,NA,1,1,1,1,1,1,1,1,1,1,1,1,NA,NA,NA,NA,NA,NA,4,5,5,6,6,7,7,8,8,9,9,10,NA,NA,NA,NA,NA,NA,NA,NA,NA,NA,NA,NA,NA,NA,NA,NA,NA,NA,NA,NA,NA,NA,NA,NA,NA,NA,NA,NA,NA,NA,NA,NA,NA,NA,NA,NA,NA,NA
4,4,6,"221025_1434",4,"PAN","subjects",1,18,1,16.62,16.62,1,0.692896562,6,0.565295781,4,0.683567105,2,2,2,99999,11,99999,99999,80,20,99999,99999,260027,99999,99999,150,10,1,0,99999,99999,0,0,0,99999,99999,40,1,99999,99999,0,25,3,99999,25,1,99999,8,5,5,99999,6,2,1,99999,5,99999,50,99999,0,1,9,55,0,140,0,0,0,0,80,140,20,1.66,-1,-1,99999,99999,0,99999,NA,NA,NA,NA,1,NA,NA,NA,NA,NA,NA,NA,NA,NA,NA,NA,NA,NA,1,1,1,1,1,1,1,1,1,NA,NA,NA,NA,NA,NA,NA,NA,NA,1,4,7,9,10,10,10,10,10,NA,NA,NA,NA,NA,NA,NA,NA,NA,NA,NA,NA,NA,NA,NA,NA,NA,NA,NA,NA,NA,NA,NA,NA,NA,NA,NA,NA,NA,NA,NA,NA,NA,NA,NA,NA,NA,NA
4,5,2,"221026_0839",5,"PAN","subjects",1,7,1,19.193,19.193,1,0.345520054,2,0.589273253,4,0.864571211,1,1,2,99999,10,99999,99999,50,50,99999,99999,260027,99999,99999,150,10,1,0,99999,99999,0,0,0,99999,99999,55,3,99999,99999,1,23,1,99999,55,3,99999,4,7,6,99999,8,7,3,99999,5,99999,150,99999,1,1,4,75,50,171,0,0,0,0,100,171,50,4.15,-1,-1,99999,99999,0,99999,1,1,1,1,1,1,NA,NA,NA,NA,NA,NA,NA,1,1,1,1,1,1,1,1,1,1,1,1,1,1,NA,NA,NA,NA,3,3,3,4,4,4,5,5,5,5,5,4,3,2,NA,NA,NA,NA,NA,NA,NA,NA,NA,NA,NA,NA,NA,NA,NA,NA,NA,NA,NA,NA,NA,NA,NA,NA,NA,NA,NA,NA,NA,NA,NA,NA,NA,NA,NA,NA,NA,NA
4,6,7,"221026_1030",6,"PAN","subjects",1,19,1,17.035,17.035,1,0.436426164,7,0.556496131,4,0.183256996,8,8,2,99999,9,99999,99999,70,30,99999,99999,260027,99999,99999,150,10,1,0,99999,99999,0,0,0,99999,99999,95,1,99999,99999,1,21,2,99999,20,1,99999,7,3,5,99999,9,1,7,99999,4,99999,200,99999,1,1,1,45,50,145,0,0,0,0,120,145,30,2.49,-1,-1,99999,99999,0,99999,1,1,1,1,1,1,1,1,1,NA,NA,NA,1,1,1,1,1,1,1,1,1,1,1,1,1,1,1,NA,NA,NA,1,1,1,1,1,1,1,1,1,1,1,1,1,1,1,NA,NA,NA,NA,NA,NA,NA,NA,NA,NA,NA,NA,NA,NA,NA,NA,NA,NA,NA,NA,NA,NA,NA,NA,NA,NA,NA,NA,NA,NA,NA,NA,NA,NA,NA,NA,NA,NA
5,1,9,"221025_0833",1,"PAN","subjects",1,20,1,20.687,20.687,1,0.197436639,9,0.668375915,5,0.381775962,6,6,2,99999,8,99999,99999,90,10,99999,99999,260027,99999,99999,150,10,1,0,99999,99999,0,0,0,99999,99999,65,1,99999,99999,1,31,1,99999,15,1,99999,8,2,3,99999,9,1,3,99999,1,99999,10,99999,0,1,5,95,0,189,0,0,0,0,90,189,10,0.83,-1,-1,99999,99999,0,99999,NA,NA,NA,1,NA,NA,NA,NA,NA,NA,NA,NA,NA,NA,NA,NA,NA,NA,NA,1,1,1,1,1,1,1,1,NA,NA,NA,NA,NA,NA,NA,NA,NA,NA,5,5,5,5,5,5,5,5,NA,NA,NA,NA,NA,NA,NA,NA,NA,NA,NA,NA,NA,NA,NA,NA,NA,NA,NA,NA,NA,NA,NA,NA,NA,NA,NA,NA,NA,NA,NA,NA,NA,NA,NA,NA,NA,NA
5,2,8,"221025_1023",2,"PAN","subjects",1,17,1,13.3,13.3,1,0.102042254,8,0.560785555,5,0.862700237,3,3,2,99999,6,99999,99999,50,50,99999,99999,260027,99999,99999,150,10,1,0,99999,99999,0,0,0,99999,99999,95,5,99999,99999,1,30,3,99999,15,1,99999,5,8,7,99999,10,6,4,99999,2,99999,100,99999,1,1,1,15,50,115,0,0,0,0,100,100,50,4.15,50,4.15,99999,99999,0,99999,NA,NA,NA,NA,1,NA,NA,NA,NA,NA,NA,NA,1,1,1,1,1,1,1,1,1,1,1,1,1,1,1,NA,NA,NA,1,1,1,1,3,4,4,4,5,5,5,5,5,5,5,NA,NA,NA,NA,NA,NA,NA,NA,NA,NA,NA,NA,NA,NA,NA,NA,NA,NA,NA,NA,NA,NA,NA,NA,NA,NA,NA,NA,NA,NA,NA,NA,NA,NA,NA,NA,NA,NA
5,3,11,"221025_1237",3,"PAN","subjects",1,13,1,17.367,17.367,1,0.251224698,11,0.430662883,5,0.886844384,3,3,2,99999,8,99999,99999,50,50,99999,99999,260027,99999,99999,150,10,1,0,99999,99999,0,0,0,99999,99999,75,6,99999,99999,1,36,3,99999,85,5,99999,9,7,6,99999,10,5,6,99999,5,99999,100,99999,1,1,2,50,50,149,0,0,0,0,100,149,50,4.15,-1,-1,99999,99999,0,99999,1,1,1,1,1,1,1,1,1,NA,NA,NA,NA,NA,NA,NA,NA,NA,NA,1,1,1,1,1,1,1,1,NA,NA,NA,NA,NA,NA,NA,NA,NA,NA,1,2,3,4,5,6,7,8,NA,NA,NA,NA,NA,NA,NA,NA,NA,NA,NA,NA,NA,NA,NA,NA,NA,NA,NA,NA,NA,NA,NA,NA,NA,NA,NA,NA,NA,NA,NA,NA,NA,NA,NA,NA,NA,NA
5,4,8,"221025_1434",4,"PAN","subjects",1,11,1,18.363,18.363,1,0.232741102,8,0.515127321,5,0.792331488,1,1,2,99999,10,99999,99999,60,40,99999,99999,260027,99999,99999,150,10,1,0,99999,99999,0,0,0,99999,99999,95,5,99999,99999,1,25,3,99999,95,5,99999,6,2,2,99999,8,1,6,99999,3,99999,200,99999,1,1,4,65,50,161,0,0,0,0,110,161,40,3.32,-1,-1,99999,99999,0,99999,NA,NA,NA,1,1,NA,NA,NA,NA,NA,NA,NA,1,1,1,1,1,1,1,1,1,1,1,1,1,1,1,NA,NA,NA,1,1,3,3,3,2,2,2,3,3,3,4,4,4,5,NA,NA,NA,NA,NA,NA,NA,NA,NA,NA,NA,NA,NA,NA,NA,NA,NA,NA,NA,NA,NA,NA,NA,NA,NA,NA,NA,NA,NA,NA,NA,NA,NA,NA,NA,NA,NA,NA
5,5,4,"221026_0839",5,"PAN","subjects",1,8,1,16.869,16.869,1,0.260832057,4,0.531612352,5,0.198915911,3,3,2,99999,1,99999,99999,80,20,99999,99999,260027,99999,99999,150,10,1,0,99999,99999,0,0,0,99999,99999,50,3,99999,99999,0,23,1,99999,45,3,99999,5,8,6,99999,9,6,5,99999,2,99999,50,99999,1,1,3,45,50,143,0,0,0,0,130,143,20,1.66,-1,-1,99999,99999,0,99999,1,1,1,1,1,1,NA,NA,NA,NA,NA,NA,1,1,1,1,1,1,1,1,1,1,1,1,1,1,1,NA,NA,NA,1,1,1,1,1,2,3,3,3,3,4,4,5,5,6,NA,NA,NA,NA,NA,NA,NA,NA,NA,NA,NA,NA,NA,NA,NA,NA,NA,NA,NA,NA,NA,NA,NA,NA,NA,NA,NA,NA,NA,NA,NA,NA,NA,NA,NA,NA,NA,NA
5,6,9,"221026_1030",6,"PAN","subjects",1,16,1,13.715,13.715,1,0.311824694,9,0.391349769,5,0.385033423,6,6,2,99999,7,99999,99999,100,0,99999,99999,260027,99999,99999,150,10,1,0,99999,99999,0,0,0,99999,99999,85,7,99999,99999,0,24,2,99999,95,5,99999,10,9,9,99999,10,3,8,99999,0,99999,100,99999,0,0,0,25,0,105,0,0,0,0,100,105,0,0,-1,-1,99999,99999,0,99999,1,1,1,1,1,NA,NA,NA,NA,NA,NA,NA,NA,NA,NA,NA,NA,NA,1,1,1,1,1,1,1,1,1,NA,NA,NA,NA,NA,NA,NA,NA,NA,5,5,5,4,6,6,6,6,7,NA,NA,NA,NA,NA,NA,NA,NA,NA,NA,NA,NA,NA,NA,NA,NA,NA,NA,NA,NA,NA,NA,NA,NA,NA,NA,NA,NA,NA,NA,NA,NA,NA,NA,NA,NA,NA,NA
6,1,4,"221025_0833",1,"PAN","subjects",1,14,1,17.45,17.45,1,0.753960056,4,0.665227141,6,0.581917026,5,5,2,99999,6,99999,99999,30,70,99999,99999,260027,99999,99999,150,10,1,0,99999,99999,0,0,0,99999,99999,85,5,99999,99999,1,20,1,99999,85,5,99999,5,3,6,99999,9,1,9,99999,1,99999,0,99999,1,1,1,50,50,150,0,0,0,0,80,150,70,5.81,-1,-1,99999,99999,0,99999,NA,NA,NA,NA,1,NA,NA,NA,NA,NA,NA,1,1,1,1,1,1,1,1,1,1,1,1,1,1,1,1,NA,NA,1,1,1,1,1,1,1,1,1,1,1,1,1,1,1,1,NA,NA,NA,NA,NA,NA,NA,NA,NA,NA,NA,NA,NA,NA,NA,NA,NA,NA,NA,NA,NA,NA,NA,NA,NA,NA,NA,NA,NA,NA,NA,NA,NA,NA,NA,NA,NA,NA
6,2,3,"221025_1023",2,"PAN","subjects",1,12,1,14.13,14.13,1,0.765960978,3,0.540160882,6,0.234066062,8,8,2,99999,5,99999,99999,70,30,99999,99999,260027,99999,99999,150,10,1,0,99999,99999,0,0,0,99999,99999,95,9,99999,99999,1,30,3,99999,95,9,99999,7,2,7,99999,10,0,6,99999,4,99999,250,99999,1,1,3,35,40,133,0,0,0,0,110,110,30,2.49,30,2.49,99999,99999,0,99999,1,1,1,1,1,1,1,1,NA,NA,NA,NA,NA,NA,NA,1,1,1,1,1,1,1,1,1,1,1,1,NA,NA,NA,NA,NA,NA,4,7,3,6,6,5,7,4,6,5,9,9,NA,NA,NA,NA,NA,NA,NA,NA,NA,NA,NA,NA,NA,NA,NA,NA,NA,NA,NA,NA,NA,NA,NA,NA,NA,NA,NA,NA,NA,NA,NA,NA,NA,NA,NA,NA,NA,NA
6,3,3,"221025_1237",3,"PAN","subjects",1,15,1,13.715,13.715,1,0.89942904,3,0.406879911,6,0.711926049,4,4,2,99999,3,99999,99999,50,50,99999,99999,260027,99999,99999,150,10,1,0,99999,99999,0,0,0,99999,99999,95,7,99999,99999,1,23,1,99999,95,5,99999,8,5,6,99999,10,2,8,99999,2,99999,500,99999,1,0,0,20,50,105,0,0,0,0,100,105,50,4.15,-1,-1,99999,99999,0,99999,NA,NA,1,1,1,1,NA,NA,NA,NA,NA,NA,NA,NA,NA,NA,1,1,1,1,1,1,1,1,1,1,1,NA,NA,NA,NA,NA,NA,NA,7,7,7,7,7,7,7,7,7,7,7,NA,NA,NA,NA,NA,NA,NA,NA,NA,NA,NA,NA,NA,NA,NA,NA,NA,NA,NA,NA,NA,NA,NA,NA,NA,NA,NA,NA,NA,NA,NA,NA,NA,NA,NA,NA,NA,NA
6,4,9,"221025_1434",4,"PAN","subjects",1,19,1,16.205,16.205,1,0.009601883,9,0.444777069,6,0.457780972,4,4,2,99999,7,99999,99999,80,20,99999,99999,260027,99999,99999,150,10,1,0,99999,99999,0,0,0,99999,99999,95,3,99999,99999,1,23,1,99999,95,5,99999,4,0,2,99999,8,0,3,99999,4,99999,200,99999,1,1,1,35,40,135,0,0,0,0,120,135,20,1.66,-1,-1,99999,99999,0,99999,1,1,1,1,1,1,1,1,1,NA,NA,NA,1,1,1,1,1,1,1,1,1,1,1,1,1,1,1,NA,NA,NA,1,1,1,1,1,1,1,1,1,1,1,1,2,2,3,NA,NA,NA,NA,NA,NA,NA,NA,NA,NA,NA,NA,NA,NA,NA,NA,NA,NA,NA,NA,NA,NA,NA,NA,NA,NA,NA,NA,NA,NA,NA,NA,NA,NA,NA,NA,NA,NA
6,5,1,"221026_0839",5,"PAN","subjects",1,12,1,17.699,17.699,1,0.541830581,1,0.255273315,6,0.848348838,2,2,2,99999,1,99999,99999,100,0,99999,99999,260027,99999,99999,150,10,1,0,99999,99999,0,0,0,99999,99999,95,7,99999,99999,1,27,3,99999,95,7,99999,6,2,3,99999,9,1,5,99999,5,99999,100,99999,1,1,8,65,50,153,0,0,0,0,150,153,0,0,-1,-1,99999,99999,0,99999,1,1,1,1,1,1,NA,NA,NA,NA,NA,NA,NA,NA,NA,1,1,1,1,1,1,1,1,1,1,1,1,NA,NA,NA,NA,NA,NA,3,3,6,6,6,7,7,7,8,8,10,10,NA,NA,NA,NA,NA,NA,NA,NA,NA,NA,NA,NA,NA,NA,NA,NA,NA,NA,NA,NA,NA,NA,NA,NA,NA,NA,NA,NA,NA,NA,NA,NA,NA,NA,NA,NA,NA,NA
6,6,3,"221026_1030",6,"PAN","subjects",1,14,1,13.715,13.715,1,0.792351785,3,0.358592333,6,0.920029364,1,1,2,99999,7,99999,99999,70,30,99999,99999,260027,99999,99999,150,10,1,0,99999,99999,0,0,0,99999,99999,60,7,99999,99999,0,28,3,99999,65,3,99999,9,0,2,99999,9,0,3,99999,3,99999,200,99999,0,0,0,15,0,105,0,0,0,0,70,105,30,2.49,-1,-1,99999,99999,0,99999,NA,NA,NA,1,NA,NA,NA,NA,NA,NA,NA,NA,NA,NA,NA,NA,NA,NA,1,1,1,1,1,1,1,1,1,NA,NA,NA,NA,NA,NA,NA,NA,NA,4,4,5,7,7,8,8,9,9,NA,NA,NA,NA,NA,NA,NA,NA,NA,NA,NA,NA,NA,NA,NA,NA,NA,NA,NA,NA,NA,NA,NA,NA,NA,NA,NA,NA,NA,NA,NA,NA,NA,NA,NA,NA,NA,NA
7,1,11,"221025_0833",1,"PAN","subjects",1,13,1,13.715,13.715,1,0.016622915,11,0.629892457,7,0.26705218,8,8,2,99999,11,99999,99999,80,20,99999,99999,260027,99999,99999,150,10,1,0,99999,99999,0,0,0,99999,99999,95,6,99999,99999,0,26,2,99999,95,6,99999,6,8,6,99999,10,5,1,99999,6,99999,250,99999,1,0,0,50,50,105,0,0,0,0,130,105,20,1.66,-1,-1,99999,99999,0,99999,NA,NA,NA,NA,1,NA,NA,NA,NA,NA,NA,NA,NA,NA,NA,NA,NA,NA,NA,NA,NA,NA,NA,NA,1,1,1,NA,NA,NA,NA,NA,NA,NA,NA,NA,NA,NA,NA,NA,NA,NA,4,5,5,NA,NA,NA,NA,NA,NA,NA,NA,NA,NA,NA,NA,NA,NA,NA,NA,NA,NA,NA,NA,NA,NA,NA,NA,NA,NA,NA,NA,NA,NA,NA,NA,NA,NA,NA,NA,NA,NA
7,2,6,"221025_1023",2,"PAN","subjects",1,18,1,14.96,14.96,1,0.453138065,6,0.37440343,7,0.967083667,2,2,2,99999,5,99999,99999,70,30,99999,99999,260027,99999,99999,150,10,1,0,99999,99999,0,0,0,99999,99999,95,1,99999,99999,0,29,3,99999,10,5,99999,10,7,8,99999,10,0,8,99999,6,99999,100,99999,1,0,0,20,50,105,0,0,0,0,120,120,30,2.49,30,2.49,99999,99999,0,99999,1,1,1,1,1,NA,NA,NA,NA,NA,NA,NA,NA,NA,NA,1,1,1,1,1,1,1,1,1,1,1,1,NA,NA,NA,NA,NA,NA,2,2,2,2,3,3,3,3,3,4,4,5,NA,NA,NA,NA,NA,NA,NA,NA,NA,NA,NA,NA,NA,NA,NA,NA,NA,NA,NA,NA,NA,NA,NA,NA,NA,NA,NA,NA,NA,NA,NA,NA,NA,NA,NA,NA,NA,NA
7,3,5,"221025_1237",3,"PAN","subjects",1,21,1,14.96,14.96,1,0.854244232,5,0.25569753,7,0.924829285,2,2,2,99999,6,99999,99999,100,0,99999,99999,260027,99999,99999,150,10,1,0,99999,99999,0,0,0,99999,99999,95,1,99999,99999,1,24,3,99999,55,3,99999,0,2,1,99999,5,2,6,99999,6,99999,0,99999,0,1,1,20,0,120,0,0,0,0,100,120,0,0,-1,-1,99999,99999,0,99999,1,1,1,1,1,NA,NA,NA,NA,NA,NA,NA,NA,NA,1,1,1,1,1,1,1,1,1,1,1,1,1,NA,NA,NA,NA,NA,1,2,2,2,2,2,2,2,2,2,2,2,2,NA,NA,NA,NA,NA,NA,NA,NA,NA,NA,NA,NA,NA,NA,NA,NA,NA,NA,NA,NA,NA,NA,NA,NA,NA,NA,NA,NA,NA,NA,NA,NA,NA,NA,NA,NA,NA,NA
7,4,3,"221025_1434",4,"PAN","subjects",1,12,1,13.715,13.715,1,0.87345335,3,0.173554092,7,0.439570512,5,5,2,99999,11,99999,99999,80,20,99999,99999,260027,99999,99999,150,10,1,0,99999,99999,0,0,0,99999,99999,95,6,99999,99999,0,23,3,99999,95,8,99999,1,1,7,99999,7,0,0,99999,1,99999,0,99999,1,0,0,35,50,105,0,0,0,0,130,105,20,1.66,-1,-1,99999,99999,0,99999,NA,NA,NA,NA,1,NA,NA,NA,NA,NA,NA,NA,NA,NA,NA,NA,NA,NA,NA,NA,NA,NA,1,1,1,1,1,NA,NA,NA,NA,NA,NA,NA,NA,NA,NA,NA,NA,NA,3,4,4,5,6,NA,NA,NA,NA,NA,NA,NA,NA,NA,NA,NA,NA,NA,NA,NA,NA,NA,NA,NA,NA,NA,NA,NA,NA,NA,NA,NA,NA,NA,NA,NA,NA,NA,NA,NA,NA,NA,NA
7,6,2,"221026_1030",6,"PAN","subjects",1,17,1,18.695,18.695,1,0.911361238,2,0.273305475,7,0.434868526,5,5,2,99999,3,99999,99999,70,30,99999,99999,260027,99999,99999,150,10,1,0,99999,99999,0,0,0,99999,99999,85,8,99999,99999,1,20,1,99999,95,5,99999,9,7,6,99999,10,5,5,99999,5,99999,200,99999,1,1,7,75,50,165,0,0,0,0,120,165,30,2.49,-1,-1,99999,99999,0,99999,1,1,1,1,1,NA,NA,NA,NA,NA,NA,NA,NA,NA,NA,NA,NA,NA,1,1,1,1,1,1,1,1,1,NA,NA,NA,NA,NA,NA,NA,NA,NA,1,2,3,4,5,6,7,7,8,NA,NA,NA,NA,NA,NA,NA,NA,NA,NA,NA,NA,NA,NA,NA,NA,NA,NA,NA,NA,NA,NA,NA,NA,NA,NA,NA,NA,NA,NA,NA,NA,NA,NA,NA,NA,NA,NA
8,1,1,"221025_0833",1,"PAN","subjects",1,23,1,17.035,17.035,1,0.957749463,1,0.58774356,8,0.862877156,3,3,2,99999,10,99999,99999,100,0,99999,99999,260027,99999,99999,150,10,1,0,99999,99999,0,0,0,99999,99999,95,1,99999,99999,0,23,1,99999,95,10,99999,4,8,5,99999,10,3,2,99999,5,99999,0,99999,1,1,1,45,40,145,0,0,0,0,140,145,0,0,-1,-1,99999,99999,0,99999,1,1,1,1,1,1,1,NA,NA,NA,NA,NA,1,1,1,1,1,1,1,1,1,1,1,1,1,1,1,NA,NA,NA,1,1,1,1,1,1,1,1,1,1,1,1,1,1,1,NA,NA,NA,NA,NA,NA,NA,NA,NA,NA,NA,NA,NA,NA,NA,NA,NA,NA,NA,NA,NA,NA,NA,NA,NA,NA,NA,NA,NA,NA,NA,NA,NA,NA,NA,NA,NA,NA
8,2,7,"221025_1023",2,"PAN","subjects",1,20,1,5,5,1,0.357516695,7,0.354482767,8,0.49041661,6,6,2,99999,9,99999,99999,0,100,99999,99999,260027,99999,99999,150,10,1,0,99999,99999,0,0,0,99999,99999,50,3,99999,99999,1,22,3,99999,45,3,99999,9,1,5,99999,9,1,6,99999,5,99999,500,99999,0,1,6,65,0,157,0,0,0,0,0,0,100,8.3,100,8.3,99999,99999,0,99999,NA,NA,NA,NA,1,NA,NA,NA,NA,NA,NA,NA,NA,NA,NA,NA,1,1,1,1,1,1,1,1,1,1,1,NA,NA,NA,NA,NA,NA,NA,3,3,3,4,5,5,6,6,6,7,8,NA,NA,NA,NA,NA,NA,NA,NA,NA,NA,NA,NA,NA,NA,NA,NA,NA,NA,NA,NA,NA,NA,NA,NA,NA,NA,NA,NA,NA,NA,NA,NA,NA,NA,NA,NA,NA,NA
8,3,7,"221025_1237",3,"PAN","subjects",1,18,1,13.715,13.715,1,0.661686739,7,0.242018675,8,0.689913636,5,5,2,99999,2,99999,99999,60,40,99999,99999,260027,99999,99999,150,10,1,0,99999,99999,0,0,0,99999,99999,95,9,99999,99999,1,20,2,99999,95,8,99999,3,5,5,99999,9,5,4,99999,4,99999,400,99999,1,0,0,25,50,105,0,0,0,0,110,105,40,3.32,-1,-1,99999,99999,0,99999,1,1,1,1,1,1,NA,NA,NA,NA,NA,NA,NA,NA,NA,NA,1,1,1,1,1,1,1,1,1,1,1,NA,NA,NA,NA,NA,NA,NA,4,5,6,7,7,8,8,8,8,9,9,NA,NA,NA,NA,NA,NA,NA,NA,NA,NA,NA,NA,NA,NA,NA,NA,NA,NA,NA,NA,NA,NA,NA,NA,NA,NA,NA,NA,NA,NA,NA,NA,NA,NA,NA,NA,NA,NA
8,4,5,"221025_1434",4,"PAN","subjects",1,16,1,13.715,13.715,1,0.80336694,5,0.041553726,8,0.668796727,3,3,2,99999,10,99999,99999,50,50,99999,99999,260027,99999,99999,150,10,1,0,99999,99999,0,0,0,99999,99999,95,1,99999,99999,1,24,3,99999,20,1,99999,7,2,6,99999,9,2,0,99999,6,99999,100,99999,1,0,0,20,50,105,0,0,0,0,100,105,50,4.15,-1,-1,99999,99999,0,99999,1,1,1,1,1,1,1,1,1,NA,NA,NA,NA,NA,NA,1,1,1,1,1,1,1,1,1,1,1,1,NA,NA,NA,NA,NA,NA,1,5,5,5,5,5,5,6,6,7,8,8,NA,NA,NA,NA,NA,NA,NA,NA,NA,NA,NA,NA,NA,NA,NA,NA,NA,NA,NA,NA,NA,NA,NA,NA,NA,NA,NA,NA,NA,NA,NA,NA,NA,NA,NA,NA,NA,NA
8,6,1,"221026_1030",6,"PAN","subjects",1,15,1,16.62,16.62,1,0.985779072,1,0.250493338,8,0.56449375,4,4,2,99999,7,99999,99999,50,50,99999,99999,260027,99999,99999,150,10,1,0,99999,99999,0,0,0,99999,99999,95,10,99999,99999,1,21,2,99999,95,10,99999,1,2,1,99999,6,2,5,99999,4,99999,10,99999,1,1,1,40,50,140,0,0,0,0,100,140,50,4.15,-1,-1,99999,99999,0,99999,1,1,1,1,1,1,NA,NA,NA,NA,NA,NA,NA,NA,1,1,1,1,1,1,1,1,1,1,1,1,1,NA,NA,NA,NA,NA,1,1,1,1,1,1,1,10,10,10,10,10,10,NA,NA,NA,NA,NA,NA,NA,NA,NA,NA,NA,NA,NA,NA,NA,NA,NA,NA,NA,NA,NA,NA,NA,NA,NA,NA,NA,NA,NA,NA,NA,NA,NA,NA,NA,NA,NA,NA
9,1,5,"221025_0833",1,"PAN","subjects",1,17,1,19.94,19.94,1,0.636581042,5,0.579833357,9,0.936997104,1,1,2,99999,2,99999,99999,90,10,99999,99999,260027,99999,99999,150,10,1,0,99999,99999,0,0,0,99999,99999,95,9,99999,99999,1,25,2,99999,95,5,99999,10,1,3,99999,9,1,3,99999,4,99999,20,99999,1,1,9,95,50,180,0,0,0,0,140,180,10,0.83,-1,-1,99999,99999,0,99999,1,1,1,1,1,1,1,1,1,NA,NA,NA,1,1,1,1,1,1,1,1,1,1,1,1,1,1,1,NA,NA,NA,1,2,2,3,4,4,4,5,5,6,6,7,7,8,9,NA,NA,NA,NA,NA,NA,NA,NA,NA,NA,NA,NA,NA,NA,NA,NA,NA,NA,NA,NA,NA,NA,NA,NA,NA,NA,NA,NA,NA,NA,NA,NA,NA,NA,NA,NA,NA,NA
9,2,2,"221025_1023",2,"PAN","subjects",1,13,1,9.98,9.98,1,0.878290649,2,0.243592222,9,0.361464517,7,7,2,99999,6,99999,99999,60,40,99999,99999,260027,99999,99999,150,10,1,0,99999,99999,0,0,0,99999,99999,85,1,99999,99999,0,34,3,99999,65,4,99999,6,9,7,99999,10,8,2,99999,3,99999,100,99999,0,1,3,40,0,138,0,0,0,0,60,60,40,3.32,40,3.32,99999,99999,0,99999,1,1,1,1,NA,NA,NA,NA,NA,NA,NA,NA,NA,NA,1,1,1,1,1,1,1,1,1,1,1,1,1,NA,NA,NA,NA,NA,2,2,2,2,3,3,3,4,4,4,5,5,6,NA,NA,NA,NA,NA,NA,NA,NA,NA,NA,NA,NA,NA,NA,NA,NA,NA,NA,NA,NA,NA,NA,NA,NA,NA,NA,NA,NA,NA,NA,NA,NA,NA,NA,NA,NA,NA,NA
9,3,4,"221025_1237",3,"PAN","subjects",1,20,1,17.367,17.367,1,0.856358434,4,0.239244753,9,0.562238906,7,7,2,99999,1,99999,99999,100,0,99999,99999,260027,99999,99999,150,10,1,0,99999,99999,0,0,0,99999,99999,95,1,99999,99999,0,25,1,99999,95,10,99999,6,7,7,99999,8,4,3,99999,5,99999,50,99999,1,1,2,50,50,149,0,0,0,0,150,149,0,0,-1,-1,99999,99999,0,99999,NA,NA,NA,NA,1,NA,NA,NA,NA,NA,NA,NA,1,1,1,1,1,1,1,1,1,1,1,1,1,1,1,NA,NA,NA,1,1,1,1,1,2,2,2,2,2,2,2,3,3,3,NA,NA,NA,NA,NA,NA,NA,NA,NA,NA,NA,NA,NA,NA,NA,NA,NA,NA,NA,NA,NA,NA,NA,NA,NA,NA,NA,NA,NA,NA,NA,NA,NA,NA,NA,NA,NA,NA
9,4,2,"221025_1434",4,"PAN","subjects",1,15,1,13.715,13.715,1,0.905686533,2,0.040193583,9,0.290059129,6,6,2,99999,1,99999,99999,90,10,99999,99999,260027,99999,99999,150,10,1,0,99999,99999,0,0,0,99999,99999,95,7,99999,99999,1,33,2,99999,95,7,99999,2,7,7,99999,10,8,7,99999,3,99999,400,99999,1,0,0,15,50,105,0,0,0,0,140,105,10,0.83,-1,-1,99999,99999,0,99999,NA,NA,NA,NA,1,NA,NA,NA,NA,NA,NA,NA,NA,NA,NA,NA,NA,NA,NA,NA,NA,NA,NA,NA,NA,1,1,NA,NA,NA,NA,NA,NA,NA,NA,NA,NA,NA,NA,NA,NA,NA,NA,5,7,NA,NA,NA,NA,NA,NA,NA,NA,NA,NA,NA,NA,NA,NA,NA,NA,NA,NA,NA,NA,NA,NA,NA,NA,NA,NA,NA,NA,NA,NA,NA,NA,NA,NA,NA,NA,NA,NA
9,6,4,"221026_1030",6,"PAN","subjects",1,12,1,13.715,13.715,1,0.70061355,4,0.213201785,9,0.598722829,3,3,2,99999,10,99999,99999,80,20,99999,99999,260027,99999,99999,150,10,1,0,99999,99999,0,0,0,99999,99999,30,6,99999,99999,1,20,1,99999,95,6,99999,7,9,8,99999,3,2,8,99999,2,99999,200,99999,1,0,0,20,50,105,0,0,0,0,130,105,20,1.66,-1,-1,99999,99999,0,99999,1,1,1,1,1,NA,NA,NA,NA,NA,NA,NA,NA,NA,NA,1,1,1,1,1,1,1,1,1,1,1,1,NA,NA,NA,NA,NA,NA,1,1,1,1,1,1,1,1,1,1,1,1,NA,NA,NA,NA,NA,NA,NA,NA,NA,NA,NA,NA,NA,NA,NA,NA,NA,NA,NA,NA,NA,NA,NA,NA,NA,NA,NA,NA,NA,NA,NA,NA,NA,NA,NA,NA,NA,NA
1,1,1,"221025_0833",1,"PAN","subjects",1,1,1,18.8195,18.8195,1,0.010271707,11,0.311773682,9,0.982866367,0,1,1,99999,2,0,99999,80,20,0,99999,260027,99999,99999,150,10,1,0,99999,99999,99999,99999,75,0,0,0,0,0,99999,1,24,1,99999,95,5,99999,2,2,1,99999,10,1,6,99999,4,99999,10,99999,1,1,4,75,60,166.5,-35,0,0,3,140,166.5,20,1.66,-1,-1,99999,0,99999,99999,NA,NA,NA,NA,NA,NA,NA,NA,NA,NA,NA,NA,NA,NA,NA,NA,NA,NA,NA,NA,NA,NA,NA,NA,NA,NA,NA,NA,NA,NA,NA,NA,NA,NA,NA,NA,NA,NA,NA,NA,NA,NA,NA,NA,NA,60,75,NA,NA,NA,NA,NA,1,1,1,1,1,1,1,1,1,1,1,1,1,NA,NA,NA,NA,NA,3,4,4,5,5,6,6,7,7,8,8,9,10
1,2,1,"221025_1023",2,"PAN","subjects",1,1,1,14.13,14.13,1,0.903112965,1,0.126168363,10,0.061515165,9,1,1,99999,8,0,99999,50,50,0,99999,260027,99999,99999,150,10,1,0,99999,99999,99999,99999,85,0,0,0,0,0,99999,0,20,3,99999,85,5,99999,5,8,6,99999,10,1,4,99999,5,99999,0,99999,1,1,10,95,60,359,5,0.5,3,4,110,110,50,4.15,50,4.15,99999,0,99999,99999,NA,NA,NA,NA,NA,NA,NA,NA,NA,NA,NA,NA,NA,NA,NA,NA,NA,NA,NA,NA,NA,NA,NA,NA,NA,NA,NA,NA,NA,NA,NA,NA,NA,NA,NA,NA,NA,NA,NA,NA,NA,NA,NA,NA,NA,60,95,NA,NA,NA,NA,NA,NA,NA,1,1,1,1,1,1,1,1,1,1,1,NA,NA,NA,NA,NA,NA,NA,2,2,3,3,3,3,4,4,4,5,5
1,3,1,"221025_1237",3,"PAN","subjects",1,1,1,13.4245,13.4245,1,0.651953749,7,0.097187116,10,0.659892161,5,1,1,99999,1,0,99999,90,10,0,99999,260027,99999,99999,150,10,1,0,99999,99999,99999,99999,10,0,0,0,0,0,99999,1,32,3,99999,55,3,99999,4,3,2,99999,8,2,4,99999,5,99999,100,99999,1,0,0,30,50,101.5,-10,0,0,3,140,101.5,10,0.83,-1,-1,99999,0,99999,99999,NA,NA,NA,NA,NA,NA,NA,NA,NA,NA,NA,NA,NA,NA,NA,NA,NA,NA,NA,NA,NA,NA,NA,NA,NA,NA,NA,NA,NA,NA,NA,NA,NA,NA,NA,NA,NA,NA,NA,NA,NA,NA,NA,NA,NA,50,30,NA,NA,NA,1,1,1,1,1,1,1,1,1,1,1,1,1,1,1,NA,NA,NA,1,1,1,1,1,1,1,1,1,1,1,1,1,1,1
1,4,1,"221025_1434",4,"PAN","subjects",1,1,1,34.465,34.465,1,0.109759644,8,0.222778599,6,0.389304155,5,1,1,99999,10,0,99999,70,30,0,99999,260027,99999,99999,150,10,1,0,99999,99999,99999,99999,95,0,0,0,0,0,99999,0,42,3,99999,95,5,99999,6,5,6,99999,10,5,3,99999,5,99999,0,99999,1,1,10,95,50,355,5,0,0,0,120,355,30,2.49,-1,-1,99999,0,99999,99999,NA,NA,NA,NA,NA,NA,NA,NA,NA,NA,NA,NA,NA,NA,NA,NA,NA,NA,NA,NA,NA,NA,NA,NA,NA,NA,NA,NA,NA,NA,NA,NA,NA,NA,NA,NA,NA,NA,NA,NA,NA,NA,NA,NA,NA,50,95,NA,NA,NA,1,1,1,1,1,1,1,1,1,1,1,1,1,1,1,NA,NA,NA,1,1,1,1,1,1,1,2,2,2,2,3,4,4,5
1,5,1,"221026_0839",5,"PAN","subjects",1,1,1,13.466,13.466,1,0.808796439,0,0.199282181,6,0.757864091,2,1,1,99999,10,0,99999,50,50,0,99999,260027,99999,99999,150,10,1,0,99999,99999,99999,99999,95,0,0,0,0,0,99999,1,22,3,99999,85,6,99999,8,3,2,99999,10,2,1,99999,4,99999,100,99999,1,0,0,25,50,102,-25,0,0,4,100,102,50,4.15,-1,-1,99999,0,99999,99999,NA,NA,NA,NA,NA,NA,NA,NA,NA,NA,NA,NA,NA,NA,NA,NA,NA,NA,NA,NA,NA,NA,NA,NA,NA,NA,NA,NA,NA,NA,NA,NA,NA,NA,NA,NA,NA,NA,NA,NA,NA,NA,NA,NA,NA,50,25,NA,NA,NA,NA,1,1,1,1,1,1,1,1,1,1,1,1,1,1,NA,NA,NA,NA,1,1,1,2,3,4,5,5,5,6,6,7,8,9
1,6,1,"221026_1030",6,"PAN","subjects",1,1,1,14.8355,14.8355,1,0.42729732,7,0.511415296,4,0.997363476,0,1,1,99999,7,0,99999,70,30,0,99999,260027,99999,99999,150,10,1,0,99999,99999,99999,99999,10,0,0,0,0,0,99999,0,20,2,99999,95,5,99999,2,7,5,99999,8,4,2,99999,4,99999,50,99999,1,1,1,25,50,118.5,-10,0,13,4,120,118.5,30,2.49,-1,-1,99999,0,99999,99999,NA,NA,NA,NA,NA,NA,NA,NA,NA,NA,NA,NA,NA,NA,NA,NA,NA,NA,NA,NA,NA,NA,NA,NA,NA,NA,NA,NA,NA,NA,NA,NA,NA,NA,NA,NA,NA,NA,NA,NA,NA,NA,NA,NA,NA,50,25,NA,NA,NA,NA,1,1,1,1,1,1,1,1,1,1,1,1,1,1,NA,NA,NA,NA,1,1,1,1,1,1,1,1,1,1,1,1,1,1
10,1,10,"221025_0833",1,"PAN","subjects",1,10,1,26.2065,26.2065,1,0.339870172,6,0.848176252,3,0.200522754,8,10,1,99999,3,0,99999,100,0,0,99999,260027,99999,99999,150,10,1,0,99999,99999,99999,99999,50,0,0,0,0,0,99999,0,38,1,99999,20,1,99999,5,5,5,99999,7,5,4,99999,1,99999,0,99999,1,1,5,20,50,255.5,0,0,1,0,150,255.5,0,0,-1,-1,99999,0,99999,99999,NA,NA,NA,NA,NA,NA,NA,NA,NA,NA,NA,NA,NA,NA,NA,NA,NA,NA,NA,NA,NA,NA,NA,NA,NA,NA,NA,NA,NA,NA,NA,NA,NA,NA,NA,NA,NA,NA,NA,NA,NA,NA,NA,NA,NA,50,20,NA,NA,NA,1,1,1,1,1,1,1,1,1,1,1,1,1,1,1,NA,NA,NA,1,2,3,4,5,6,7,8,9,10,10,10,10,10,10
10,2,10,"221025_1023",2,"PAN","subjects",1,10,1,10.81,10.81,1,0.024164794,10,0.603193716,4,0.34485997,7,10,1,99999,1,0,99999,70,30,0,99999,260027,99999,99999,150,10,1,0,99999,99999,99999,99999,1,0,0,0,0,0,99999,0,28,1,99999,95,10,99999,7,2,6,99999,9,2,6,99999,6,99999,400,99999,0,1,1,60,0,81.5,-1,0,10,3,70,70,30,2.49,30,2.49,99999,0,99999,99999,NA,NA,NA,NA,NA,NA,NA,NA,NA,NA,NA,NA,NA,NA,NA,NA,NA,NA,NA,NA,NA,NA,NA,NA,NA,NA,NA,NA,NA,NA,NA,NA,NA,NA,NA,NA,NA,NA,NA,NA,NA,NA,NA,NA,NA,60,60,NA,NA,NA,1,1,1,1,1,1,1,1,1,1,1,1,1,1,1,NA,NA,NA,1,1,1,1,1,1,1,1,1,1,1,1,1,1,1
10,3,10,"221025_1237",3,"PAN","subjects",1,10,1,13.3,13.3,1,0.875007214,3,0.466359463,4,0.214220702,11,10,1,99999,8,0,99999,100,0,0,99999,260027,99999,99999,150,10,1,0,99999,99999,99999,99999,1,0,0,0,0,0,99999,1,27,3,99999,1,1,99999,5,5,5,99999,5,5,5,99999,2,99999,50,99999,1,0,0,1,50,100,-1,0,0,0,150,100,0,0,-1,-1,99999,0,99999,99999,NA,NA,NA,NA,NA,NA,NA,NA,NA,NA,NA,NA,NA,NA,NA,NA,NA,NA,NA,NA,NA,NA,NA,NA,NA,NA,NA,NA,NA,NA,NA,NA,NA,NA,NA,NA,NA,NA,NA,NA,NA,NA,NA,NA,NA,50,1,1,1,1,1,1,1,1,1,1,1,1,1,1,1,1,1,1,1,1,1,1,1,1,1,1,1,1,1,1,1,1,1,1,1,1,1
10,4,10,"221025_1434",4,"PAN","subjects",1,10,1,18.197,18.197,1,0.537752867,7,0.694551942,3,0.444620276,4,10,1,99999,3,0,99999,80,20,0,99999,260027,99999,99999,150,10,1,0,99999,99999,99999,99999,95,0,0,0,0,0,99999,1,25,1,99999,95,9,99999,7,4,6,99999,10,3,0,99999,4,99999,50,99999,1,1,3,50,60,159,-45,0,0,8,140,159,20,1.66,-1,-1,99999,0,99999,99999,NA,NA,NA,NA,NA,NA,NA,NA,NA,NA,NA,NA,NA,NA,NA,NA,NA,NA,NA,NA,NA,NA,NA,NA,NA,NA,NA,NA,NA,NA,NA,NA,NA,NA,NA,NA,NA,NA,NA,NA,NA,NA,NA,NA,NA,60,50,NA,NA,NA,NA,NA,NA,NA,NA,1,1,1,1,1,1,1,1,1,1,NA,NA,NA,NA,NA,NA,NA,NA,3,4,4,5,5,5,6,6,7,8
10,6,10,"221026_1030",6,"PAN","subjects",1,10,1,14.047,14.047,1,0.473746774,6,0.856907562,1,0.611616283,2,10,1,99999,3,0,99999,100,0,0,99999,260027,99999,99999,150,10,1,0,99999,99999,99999,99999,10,0,0,0,0,0,99999,0,20,1,99999,30,1,99999,7,9,8,99999,9,5,4,99999,2,99999,0,99999,1,1,1,30,50,109,0,0,5,3,150,109,0,0,-1,-1,99999,0,99999,99999,NA,NA,NA,NA,NA,NA,NA,NA,NA,NA,NA,NA,NA,NA,NA,NA,NA,NA,NA,NA,NA,NA,NA,NA,NA,NA,NA,NA,NA,NA,NA,NA,NA,NA,NA,NA,NA,NA,NA,NA,NA,NA,NA,NA,NA,50,30,NA,NA,NA,1,1,1,1,1,1,1,1,1,1,1,1,1,1,1,NA,NA,NA,1,1,1,1,1,1,1,1,1,1,1,1,1,1,1
11,1,11,"221025_0833",1,"PAN","subjects",1,11,1,15.5825,15.5825,1,0.1684356,9,0.608590444,7,0.12966165,10,11,1,99999,5,0,99999,60,40,0,99999,260027,99999,99999,150,10,1,0,99999,99999,99999,99999,85,0,0,0,0,0,99999,1,20,3,99999,60,6,99999,8,5,7,99999,5,2,8,99999,2,99999,200,99999,1,1,2,45,50,127.5,-35,0,0,5,110,127.5,40,3.32,-1,-1,99999,0,99999,99999,NA,NA,NA,NA,NA,NA,NA,NA,NA,NA,NA,NA,NA,NA,NA,NA,NA,NA,NA,NA,NA,NA,NA,NA,NA,NA,NA,NA,NA,NA,NA,NA,NA,NA,NA,NA,NA,NA,NA,NA,NA,NA,NA,NA,NA,50,45,NA,NA,NA,NA,NA,NA,1,1,1,1,1,1,1,1,1,1,1,1,NA,NA,NA,NA,NA,NA,2,3,4,4,5,5,5,6,6,6,7,7
11,3,11,"221025_1237",3,"PAN","subjects",1,11,1,13.715,13.715,1,0.923713586,1,0.161470294,10,0.069498976,12,11,1,99999,10,0,99999,50,50,0,99999,260027,99999,99999,150,10,1,0,99999,99999,99999,99999,20,0,0,0,0,0,99999,1,43,3,99999,20,1,99999,5,5,5,99999,9,9,9,99999,4,99999,500,99999,1,0,0,20,50,105,-20,0,0,10,100,105,50,4.15,-1,-1,99999,0,99999,99999,NA,NA,NA,NA,NA,NA,NA,NA,NA,NA,NA,NA,NA,NA,NA,NA,NA,NA,NA,NA,NA,NA,NA,NA,NA,NA,NA,NA,NA,NA,NA,NA,NA,NA,NA,NA,NA,NA,NA,NA,NA,NA,NA,NA,NA,50,20,1,NA,NA,NA,NA,NA,NA,NA,NA,NA,NA,NA,NA,NA,NA,NA,NA,NA,1,NA,NA,NA,NA,NA,NA,NA,NA,NA,NA,NA,NA,NA,NA,NA,NA,NA
12,1,12,"221025_0833",1,"PAN","subjects",1,12,1,14.0055,14.0055,1,0.487391429,6,0.746735777,3,0.572425172,5,12,1,99999,6,0,99999,90,10,0,99999,260027,99999,99999,150,10,1,0,99999,99999,99999,99999,30,0,0,0,0,0,99999,1,27,3,99999,75,10,99999,10,0,1,99999,10,0,1,99999,6,99999,50,99999,1,1,1,30,50,108.5,-20,0,4,3,140,108.5,10,0.83,-1,-1,99999,0,99999,99999,NA,NA,NA,NA,NA,NA,NA,NA,NA,NA,NA,NA,NA,NA,NA,NA,NA,NA,NA,NA,NA,NA,NA,NA,NA,NA,NA,NA,NA,NA,NA,NA,NA,NA,NA,NA,NA,NA,NA,NA,NA,NA,NA,NA,NA,50,30,NA,NA,NA,1,1,1,1,1,1,1,1,1,1,1,1,1,1,1,NA,NA,NA,1,1,1,1,2,2,2,2,2,3,3,3,3,4,5
12,3,12,"221025_1237",3,"PAN","subjects",1,12,1,13.9225,13.9225,1,0.962392081,1,0.986566034,0,0.871078373,3,12,1,99999,8,0,99999,100,0,0,99999,260027,99999,99999,150,10,1,0,99999,99999,99999,99999,85,0,0,0,0,0,99999,0,31,3,99999,40,5,99999,6,3,4,99999,8,5,2,99999,1,99999,100,99999,1,1,1,30,60,107.5,-65,0,2,3,160,107.5,0,0,-1,-1,99999,0,99999,99999,NA,NA,NA,NA,NA,NA,NA,NA,NA,NA,NA,NA,NA,NA,NA,NA,NA,NA,NA,NA,NA,NA,NA,NA,NA,NA,NA,NA,NA,NA,NA,NA,NA,NA,NA,NA,NA,NA,NA,NA,NA,NA,NA,NA,NA,60,30,NA,NA,NA,1,1,1,1,1,1,1,1,1,1,1,1,1,1,1,NA,NA,NA,1,1,2,2,3,4,5,6,7,8,8,9,9,10,10
2,1,2,"221025_0833",1,"PAN","subjects",1,2,1,11.7645,11.7645,1,0.897132545,1,0.819659087,3,0.396656849,5,2,1,99999,6,0,99999,50,50,0,99999,260027,99999,99999,150,10,1,0,99999,99999,99999,99999,95,0,0,0,0,0,99999,1,29,3,99999,55,4,99999,8,7,6,99999,10,5,3,99999,2,99999,100,99999,1,1,1,55,50,81.5,-85,0,0,3,100,81.5,50,4.15,-1,-1,99999,0,99999,99999,NA,NA,NA,NA,NA,NA,NA,NA,NA,NA,NA,NA,NA,NA,NA,NA,NA,NA,NA,NA,NA,NA,NA,NA,NA,NA,NA,NA,NA,NA,NA,NA,NA,NA,NA,NA,NA,NA,NA,NA,NA,NA,NA,NA,NA,50,55,NA,NA,NA,NA,NA,1,1,1,1,1,1,1,1,1,1,1,1,1,NA,NA,NA,NA,NA,3,3,3,3,3,3,4,4,4,5,5,5,5
2,2,2,"221025_1023",2,"PAN","subjects",1,2,1,13.3,13.3,1,0.136020827,7,0.485445947,6,0.789254317,3,2,1,99999,5,0,99999,100,0,0,99999,260027,99999,99999,150,10,1,0,99999,99999,99999,99999,25,0,0,0,0,0,99999,1,25,1,99999,95,5,99999,8,4,4,99999,10,4,3,99999,5,99999,20,99999,0,0,0,35,0,103.5,-25,0,1,6,100,100,0,0,0,0,99999,0,99999,99999,NA,NA,NA,NA,NA,NA,NA,NA,NA,NA,NA,NA,NA,NA,NA,NA,NA,NA,NA,NA,NA,NA,NA,NA,NA,NA,NA,NA,NA,NA,NA,NA,NA,NA,NA,NA,NA,NA,NA,NA,NA,NA,NA,NA,NA,50,35,NA,NA,NA,NA,NA,NA,1,1,1,1,1,1,1,1,1,1,1,1,NA,NA,NA,NA,NA,NA,1,1,1,1,1,1,1,1,1,1,1,1
2,3,2,"221025_1237",3,"PAN","subjects",1,2,1,20.189,20.189,1,0.969026762,1,0.773568238,2,0.085477397,12,2,1,99999,6,0,99999,60,40,0,99999,260027,99999,99999,150,10,1,0,99999,99999,99999,99999,95,0,0,0,0,0,99999,0,23,3,99999,95,10,99999,3,9,9,99999,10,9,5,99999,0,99999,100,99999,1,1,5,95,50,183,-45,0,0,6,110,183,40,3.32,-1,-1,99999,0,99999,99999,NA,NA,NA,NA,NA,NA,NA,NA,NA,NA,NA,NA,NA,NA,NA,NA,NA,NA,NA,NA,NA,NA,NA,NA,NA,NA,NA,NA,NA,NA,NA,NA,NA,NA,NA,NA,NA,NA,NA,NA,NA,NA,NA,NA,NA,50,95,NA,NA,NA,NA,NA,NA,1,1,1,1,1,1,1,1,1,1,1,1,NA,NA,NA,NA,NA,NA,1,1,2,2,3,3,4,4,5,5,6,7
2,4,2,"221025_1434",4,"PAN","subjects",1,2,1,20.8945,20.8945,1,0.392597398,7,0.200505636,6,0.176703374,8,2,1,99999,11,0,99999,60,40,0,99999,260027,99999,99999,150,10,1,0,99999,99999,99999,99999,1,0,0,0,0,0,99999,1,45,3,99999,20,1,99999,7,7,7,99999,8,3,5,99999,1,99999,100,99999,1,1,4,50,50,191.5,-1,0,3,0,110,191.5,40,3.32,-1,-1,99999,0,99999,99999,NA,NA,NA,NA,NA,NA,NA,NA,NA,NA,NA,NA,NA,NA,NA,NA,NA,NA,NA,NA,NA,NA,NA,NA,NA,NA,NA,NA,NA,NA,NA,NA,NA,NA,NA,NA,NA,NA,NA,NA,NA,NA,NA,NA,NA,50,50,1,1,1,1,1,1,1,1,1,1,1,1,1,1,1,1,1,1,5,5,5,5,5,5,5,5,5,5,5,5,5,5,5,5,5,5
2,5,2,"221026_0839",5,"PAN","subjects",1,2,1,28.821,28.821,1,0.155542291,4,0.165616394,6,0.483846296,2,2,1,99999,1,0,99999,50,50,0,99999,260027,99999,99999,150,10,1,0,99999,99999,99999,99999,95,0,0,0,0,0,99999,1,18,3,99999,95,5,99999,8,0,8,99999,9,1,6,99999,5,99999,100,99999,1,1,8,95,50,287,-15,0,0,4,100,287,50,4.15,-1,-1,99999,0,99999,99999,NA,NA,NA,NA,NA,NA,NA,NA,NA,NA,NA,NA,NA,NA,NA,NA,NA,NA,NA,NA,NA,NA,NA,NA,NA,NA,NA,NA,NA,NA,NA,NA,NA,NA,NA,NA,NA,NA,NA,NA,NA,NA,NA,NA,NA,50,95,NA,NA,NA,NA,1,1,1,1,1,1,1,1,1,1,1,1,1,1,NA,NA,NA,NA,1,1,1,2,2,2,3,3,3,3,4,4,5,5
2,6,2,"221026_1030",6,"PAN","subjects",1,2,1,37.785,37.785,1,0.004457152,10,0.364742987,5,0.127253467,9,2,1,99999,1,0,99999,100,0,0,99999,260027,99999,99999,150,10,1,0,99999,99999,99999,99999,95,0,0,0,0,0,99999,1,26,3,99999,95,5,99999,2,7,7,99999,10,6,0,99999,2,99999,50,99999,1,1,10,55,50,395,5,0,0,0,150,395,0,0,-1,-1,99999,0,99999,99999,NA,NA,NA,NA,NA,NA,NA,NA,NA,NA,NA,NA,NA,NA,NA,NA,NA,NA,NA,NA,NA,NA,NA,NA,NA,NA,NA,NA,NA,NA,NA,NA,NA,NA,NA,NA,NA,NA,NA,NA,NA,NA,NA,NA,NA,50,55,NA,NA,NA,1,1,1,1,1,1,1,1,1,1,1,1,1,1,1,NA,NA,NA,1,1,1,1,1,2,2,2,2,3,3,3,4,4,5
3,1,3,"221025_0833",1,"PAN","subjects",1,3,1,16.3295,16.3295,1,0.784752098,3,0.499322526,9,0.427702544,5,3,1,99999,10,0,99999,50,50,0,99999,260027,99999,99999,150,10,1,0,99999,99999,99999,99999,85,0,0,0,0,0,99999,0,22,3,99999,95,10,99999,8,9,7,99999,9,3,4,99999,5,99999,200,99999,1,1,2,35,50,136.5,-55,0,0,3,100,136.5,50,4.15,-1,-1,99999,0,99999,99999,NA,NA,NA,NA,NA,NA,NA,NA,NA,NA,NA,NA,NA,NA,NA,NA,NA,NA,NA,NA,NA,NA,NA,NA,NA,NA,NA,NA,NA,NA,NA,NA,NA,NA,NA,NA,NA,NA,NA,NA,NA,NA,NA,NA,NA,50,35,NA,NA,NA,NA,NA,NA,NA,1,1,1,1,1,1,1,1,1,1,1,NA,NA,NA,NA,NA,NA,NA,3,3,4,4,5,5,5,6,6,7,7
3,2,3,"221025_1023",2,"PAN","subjects",1,3,1,18.28,18.28,1,0.05124343,10,0.815936455,3,0.033916869,9,3,1,99999,6,0,99999,100,0,0,99999,260027,99999,99999,150,10,1,0,99999,99999,99999,99999,95,0,0,0,0,0,99999,0,21,1,99999,95,10,99999,5,7,4,99999,8,6,3,99999,3,99999,50,99999,1,1,5,85,60,191.5,-35,0,0,3,160,160,0,0,0,0,99999,0,99999,99999,NA,NA,NA,NA,NA,NA,NA,NA,NA,NA,NA,NA,NA,NA,NA,NA,NA,NA,NA,NA,NA,NA,NA,NA,NA,NA,NA,NA,NA,NA,NA,NA,NA,NA,NA,NA,NA,NA,NA,NA,NA,NA,NA,NA,NA,60,85,NA,NA,NA,1,1,1,1,1,1,1,1,1,1,1,1,1,1,1,NA,NA,NA,1,1,1,1,1,1,2,3,4,5,6,7,8,9,10
3,3,3,"221025_1237",3,"PAN","subjects",1,3,1,28.987,28.987,1,0.99863713,0,0.136275614,10,0.553315474,8,3,1,99999,8,0,99999,90,10,0,99999,260027,99999,99999,150,10,1,0,99999,99999,99999,99999,85,0,0,0,0,0,99999,0,34,3,99999,95,10,99999,1,10,8,99999,10,10,1,99999,5,99999,0,99999,1,1,8,95,50,289,-5,0,1,7,140,289,10,0.83,-1,-1,99999,0,99999,99999,NA,NA,NA,NA,NA,NA,NA,NA,NA,NA,NA,NA,NA,NA,NA,NA,NA,NA,NA,NA,NA,NA,NA,NA,NA,NA,NA,NA,NA,NA,NA,NA,NA,NA,NA,NA,NA,NA,NA,NA,NA,NA,NA,NA,NA,50,95,NA,NA,NA,NA,NA,NA,NA,1,1,1,1,1,1,1,1,1,1,1,NA,NA,NA,NA,NA,NA,NA,1,2,3,4,5,6,7,8,9,10,10
3,4,3,"221025_1434",4,"PAN","subjects",1,3,1,15.5825,15.5825,1,0.730339913,5,0.942475572,1,0.449813246,4,3,1,99999,10,0,99999,80,20,0,99999,260027,99999,99999,150,10,1,0,99999,99999,99999,99999,10,0,0,0,0,0,99999,1,24,2,99999,95,6,99999,5,7,8,99999,9,6,0,99999,4,99999,150,99999,1,1,1,15,50,127.5,0,0,12,3,130,127.5,20,1.66,-1,-1,99999,0,99999,99999,NA,NA,NA,NA,NA,NA,NA,NA,NA,NA,NA,NA,NA,NA,NA,NA,NA,NA,NA,NA,NA,NA,NA,NA,NA,NA,NA,NA,NA,NA,NA,NA,NA,NA,NA,NA,NA,NA,NA,NA,NA,NA,NA,NA,NA,50,15,NA,NA,NA,1,1,1,1,1,1,1,1,1,1,1,1,1,1,1,NA,NA,NA,1,1,1,1,1,1,1,1,1,1,1,1,1,1,1
3,5,3,"221026_0839",5,"PAN","subjects",1,3,1,13.4245,13.4245,1,0.611729965,0,0.726297874,2,0.004702182,6,3,1,99999,1,0,99999,100,0,0,99999,260027,99999,99999,150,10,1,0,99999,99999,99999,99999,1,0,0,0,0,0,99999,1,50,3,99999,35,5,99999,9,1,5,99999,6,1,9,99999,0,99999,100,99999,1,1,1,35,50,101.5,-1,0,3,0,150,101.5,0,0,-1,-1,99999,0,99999,99999,NA,NA,NA,NA,NA,NA,NA,NA,NA,NA,NA,NA,NA,NA,NA,NA,NA,NA,NA,NA,NA,NA,NA,NA,NA,NA,NA,NA,NA,NA,NA,NA,NA,NA,NA,NA,NA,NA,NA,NA,NA,NA,NA,NA,NA,50,35,1,1,1,1,1,1,1,1,1,1,1,1,1,1,1,1,1,1,1,1,1,1,1,1,1,1,1,1,1,1,1,1,1,1,1,1
3,6,3,"221026_1030",6,"PAN","subjects",1,3,1,13.4245,13.4245,1,0.635711683,5,0.056299205,10,0.268592929,7,3,1,99999,10,0,99999,80,20,0,99999,260027,99999,99999,150,10,1,0,99999,99999,99999,99999,10,0,0,0,0,0,99999,1,22,3,99999,35,2,99999,10,7,8,99999,9,0,6,99999,5,99999,0,99999,0,0,0,35,0,101.5,-10,0,0,3,80,101.5,20,1.66,-1,-1,99999,0,99999,99999,NA,NA,NA,NA,NA,NA,NA,NA,NA,NA,NA,NA,NA,NA,NA,NA,NA,NA,NA,NA,NA,NA,NA,NA,NA,NA,NA,NA,NA,NA,NA,NA,NA,NA,NA,NA,NA,NA,NA,NA,NA,NA,NA,NA,NA,50,35,NA,NA,NA,1,1,1,1,1,1,1,1,1,1,1,1,1,1,1,NA,NA,NA,1,1,1,1,1,1,1,1,1,1,1,1,1,1,1
4,1,4,"221025_0833",1,"PAN","subjects",1,4,1,13.964,13.964,1,0.801382878,3,0.532134054,9,0.110333765,10,4,1,99999,3,0,99999,50,50,0,99999,260027,99999,99999,150,10,1,0,99999,99999,99999,99999,95,0,0,0,0,0,99999,0,23,1,99999,60,5,99999,7,3,3,99999,10,2,7,99999,5,99999,400,99999,1,1,1,30,50,108,-45,0,0,6,100,108,50,4.15,-1,-1,99999,0,99999,99999,NA,NA,NA,NA,NA,NA,NA,NA,NA,NA,NA,NA,NA,NA,NA,NA,NA,NA,NA,NA,NA,NA,NA,NA,NA,NA,NA,NA,NA,NA,NA,NA,NA,NA,NA,NA,NA,NA,NA,NA,NA,NA,NA,NA,NA,50,30,NA,NA,NA,NA,NA,NA,NA,1,1,1,1,1,1,1,1,1,1,1,NA,NA,NA,NA,NA,NA,NA,4,5,6,6,6,7,8,8,9,9,10
4,2,4,"221025_1023",2,"PAN","subjects",1,4,1,9.15,9.15,1,0.087520619,9,0.054472952,10,0.343821619,7,4,1,99999,6,0,99999,50,50,0,99999,260027,99999,99999,150,10,1,0,99999,99999,99999,99999,95,0,0,0,0,0,99999,1,24,3,99999,75,6,99999,8,5,6,99999,10,3,8,99999,5,99999,200,99999,0,1,6,75,0,240.5,5,0.5,4,6,50,50,50,4.15,50,4.15,99999,0,99999,99999,NA,NA,NA,NA,NA,NA,NA,NA,NA,NA,NA,NA,NA,NA,NA,NA,NA,NA,NA,NA,NA,NA,NA,NA,NA,NA,NA,NA,NA,NA,NA,NA,NA,NA,NA,NA,NA,NA,NA,NA,NA,NA,NA,NA,NA,60,75,NA,NA,NA,NA,NA,NA,NA,NA,NA,NA,1,1,1,1,1,1,1,1,NA,NA,NA,NA,NA,NA,NA,NA,NA,NA,4,5,5,6,7,8,9,10
4,3,4,"221025_1237",3,"PAN","subjects",1,4,1,33.386,33.386,1,0.307303883,10,0.045758551,11,0.516737793,9,4,1,99999,3,0,99999,90,10,0,99999,260027,99999,99999,150,10,1,0,99999,99999,99999,99999,50,0,0,0,0,0,99999,0,33,3,99999,95,10,99999,6,6,6,99999,7,5,3,99999,4,99999,20,99999,1,1,9,75,50,342,20,0.5,0,3,140,342,10,0.83,-1,-1,99999,0,99999,99999,NA,NA,NA,NA,NA,NA,NA,NA,NA,NA,NA,NA,NA,NA,NA,NA,NA,NA,NA,NA,NA,NA,NA,NA,NA,NA,NA,NA,NA,NA,NA,NA,NA,NA,NA,NA,NA,NA,NA,NA,NA,NA,NA,NA,NA,50,75,NA,NA,NA,1,1,1,1,1,1,1,1,1,1,1,1,1,1,1,NA,NA,NA,1,1,1,1,2,2,2,2,3,3,3,3,4,4,4
4,4,4,"221025_1434",4,"PAN","subjects",1,4,1,35.212,35.212,1,0.909161831,1,0.339526847,6,0.853614373,0,4,1,99999,7,0,99999,50,50,0,99999,260027,99999,99999,150,10,1,0,99999,99999,99999,99999,55,0,0,0,0,0,99999,1,29,3,99999,55,3,99999,4,4,4,99999,10,1,5,99999,2,99999,300,99999,1,1,9,55,50,364,35,0,0,8,100,364,50,4.15,-1,-1,99999,0,99999,99999,NA,NA,NA,NA,NA,NA,NA,NA,NA,NA,NA,NA,NA,NA,NA,NA,NA,NA,NA,NA,NA,NA,NA,NA,NA,NA,NA,NA,NA,NA,NA,NA,NA,NA,NA,NA,NA,NA,NA,NA,NA,NA,NA,NA,NA,50,55,NA,NA,NA,NA,NA,NA,NA,NA,1,1,1,1,1,1,1,1,1,1,NA,NA,NA,NA,NA,NA,NA,NA,1,2,2,2,2,3,3,3,4,4
4,5,4,"221026_0839",5,"PAN","subjects",1,4,1,18.944,18.944,1,0.522671007,1,0.049148611,6,0.898928865,0,4,1,99999,8,0,99999,60,40,0,99999,260027,99999,99999,150,10,1,0,99999,99999,99999,99999,65,0,0,0,0,0,99999,0,24,3,99999,95,9,99999,8,2,8,99999,9,1,6,99999,5,99999,20,99999,1,1,4,75,50,168,-15,0,2,4,110,168,40,3.32,-1,-1,99999,0,99999,99999,NA,NA,NA,NA,NA,NA,NA,NA,NA,NA,NA,NA,NA,NA,NA,NA,NA,NA,NA,NA,NA,NA,NA,NA,NA,NA,NA,NA,NA,NA,NA,NA,NA,NA,NA,NA,NA,NA,NA,NA,NA,NA,NA,NA,NA,50,75,NA,NA,NA,NA,NA,NA,NA,NA,NA,1,1,1,1,1,1,1,1,1,NA,NA,NA,NA,NA,NA,NA,NA,NA,3,4,4,5,5,6,6,7,7
4,6,4,"221026_1030",6,"PAN","subjects",1,4,1,12.5945,12.5945,1,0.406252664,7,0.217680823,8,0.709740853,2,4,1,99999,7,0,99999,50,50,0,99999,260027,99999,99999,150,10,1,0,99999,99999,99999,99999,35,0,0,0,0,0,99999,1,23,3,99999,50,5,99999,7,2,3,99999,8,1,1,99999,4,99999,400,99999,1,1,1,45,50,91.5,-25,0,0,3,100,91.5,50,4.15,-1,-1,99999,0,99999,99999,NA,NA,NA,NA,NA,NA,NA,NA,NA,NA,NA,NA,NA,NA,NA,NA,NA,NA,NA,NA,NA,NA,NA,NA,NA,NA,NA,NA,NA,NA,NA,NA,NA,NA,NA,NA,NA,NA,NA,NA,NA,NA,NA,NA,NA,50,45,NA,NA,NA,NA,NA,NA,1,1,1,1,1,1,1,1,1,1,1,1,NA,NA,NA,NA,NA,NA,4,3,3,3,3,3,3,3,3,3,2,2
5,1,5,"221025_0833",1,"PAN","subjects",1,5,1,20.3965,20.3965,1,0.455842201,6,0.921986392,0,0.866516919,2,5,1,99999,6,0,99999,50,50,0,99999,260027,99999,99999,150,10,1,0,99999,99999,99999,99999,75,0,0,0,0,0,99999,1,27,3,99999,85,8,99999,7,1,2,99999,8,1,8,99999,4,99999,300,99999,1,1,5,95,50,185.5,-25,0,1,10,100,185.5,50,4.15,-1,-1,99999,0,99999,99999,NA,NA,NA,NA,NA,NA,NA,NA,NA,NA,NA,NA,NA,NA,NA,NA,NA,NA,NA,NA,NA,NA,NA,NA,NA,NA,NA,NA,NA,NA,NA,NA,NA,NA,NA,NA,NA,NA,NA,NA,NA,NA,NA,NA,NA,50,95,NA,NA,NA,NA,NA,NA,NA,NA,NA,NA,NA,1,1,1,1,1,1,1,NA,NA,NA,NA,NA,NA,NA,NA,NA,NA,NA,3,3,4,4,5,6,7
5,2,5,"221025_1023",2,"PAN","subjects",1,5,1,11.64,11.64,1,0.996554264,0,0.99330875,1,0.875352425,2,5,1,99999,2,0,99999,30,70,0,99999,260027,99999,99999,150,10,1,0,99999,99999,99999,99999,10,0,0,0,0,0,99999,0,22,2,99999,95,5,99999,7,9,10,99999,9,5,2,99999,5,99999,300,99999,1,1,1,15,50,123.5,0,0,4,3,80,80,70,5.81,70,5.81,99999,0,99999,99999,NA,NA,NA,NA,NA,NA,NA,NA,NA,NA,NA,NA,NA,NA,NA,NA,NA,NA,NA,NA,NA,NA,NA,NA,NA,NA,NA,NA,NA,NA,NA,NA,NA,NA,NA,NA,NA,NA,NA,NA,NA,NA,NA,NA,NA,50,15,NA,NA,NA,1,1,1,1,1,1,1,1,1,1,1,1,1,1,1,NA,NA,NA,1,1,1,1,1,1,1,1,1,1,1,1,1,1,1
5,3,5,"221025_1237",3,"PAN","subjects",1,5,1,15.3335,15.3335,1,0.145053329,11,0.157155985,10,0.807553598,3,5,1,99999,2,0,99999,100,0,0,99999,260027,99999,99999,150,10,1,0,99999,99999,99999,99999,60,0,0,0,0,0,99999,0,25,1,99999,75,6,99999,4,6,7,99999,7,5,2,99999,1,99999,100,99999,0,1,2,50,0,124.5,-20,0,1,8,100,124.5,0,0,-1,-1,99999,0,99999,99999,NA,NA,NA,NA,NA,NA,NA,NA,NA,NA,NA,NA,NA,NA,NA,NA,NA,NA,NA,NA,NA,NA,NA,NA,NA,NA,NA,NA,NA,NA,NA,NA,NA,NA,NA,NA,NA,NA,NA,NA,NA,NA,NA,NA,NA,60,50,NA,NA,NA,NA,NA,NA,NA,NA,1,1,1,1,1,1,1,1,1,1,NA,NA,NA,NA,NA,NA,NA,NA,5,5,5,6,6,7,7,7,8,8
5,4,5,"221025_1434",4,"PAN","subjects",1,5,1,19.691,19.691,1,0.009450403,9,0.367726544,6,0.719543808,1,5,1,99999,11,0,99999,40,60,0,99999,260027,99999,99999,150,10,1,0,99999,99999,99999,99999,65,0,0,0,0,0,99999,1,19,2,99999,65,7,99999,10,0,3,99999,10,0,7,99999,6,99999,500,99999,1,1,4,65,50,177,-25,0,1,3,90,177,60,4.98,-1,-1,99999,0,99999,99999,NA,NA,NA,NA,NA,NA,NA,NA,NA,NA,NA,NA,NA,NA,NA,NA,NA,NA,NA,NA,NA,NA,NA,NA,NA,NA,NA,NA,NA,NA,NA,NA,NA,NA,NA,NA,NA,NA,NA,NA,NA,NA,NA,NA,NA,50,65,NA,NA,NA,NA,NA,1,1,1,1,1,1,1,1,1,1,1,1,1,NA,NA,NA,NA,NA,3,4,4,5,5,6,6,6,7,7,8,9,10
5,5,5,"221026_0839",5,"PAN","subjects",1,5,1,18.446,18.446,1,0.888374064,0,0.441621512,5,0.754827813,2,5,1,99999,6,0,99999,100,0,0,99999,260027,99999,99999,150,10,1,0,99999,99999,99999,99999,20,0,0,0,0,0,99999,0,50,3,99999,25,5,99999,8,1,3,99999,8,1,6,99999,2,99999,0,99999,1,1,3,45,50,162,-10,0,1,3,150,162,0,0,-1,-1,99999,0,99999,99999,NA,NA,NA,NA,NA,NA,NA,NA,NA,NA,NA,NA,NA,NA,NA,NA,NA,NA,NA,NA,NA,NA,NA,NA,NA,NA,NA,NA,NA,NA,NA,NA,NA,NA,NA,NA,NA,NA,NA,NA,NA,NA,NA,NA,NA,50,45,NA,NA,NA,NA,NA,1,1,1,1,1,1,1,1,1,NA,NA,NA,NA,NA,NA,NA,NA,NA,4,4,4,4,4,4,4,4,4,NA,NA,NA,NA
5,6,5,"221026_1030",6,"PAN","subjects",1,5,1,13.466,13.466,1,0.211938829,10,0.415573964,4,0.714420445,2,5,1,99999,3,0,99999,60,40,0,99999,260027,99999,99999,150,10,1,0,99999,99999,99999,99999,1,0,0,0,0,0,99999,0,21,2,99999,50,5,99999,4,9,8,99999,10,7,1,99999,4,99999,0,99999,1,0,0,25,50,102,-1,0,0,4,110,102,40,3.32,-1,-1,99999,0,99999,99999,NA,NA,NA,NA,NA,NA,NA,NA,NA,NA,NA,NA,NA,NA,NA,NA,NA,NA,NA,NA,NA,NA,NA,NA,NA,NA,NA,NA,NA,NA,NA,NA,NA,NA,NA,NA,NA,NA,NA,NA,NA,NA,NA,NA,NA,50,25,NA,NA,NA,NA,1,1,1,1,1,1,1,1,1,1,1,1,1,1,NA,NA,NA,NA,1,1,1,1,1,1,1,1,1,1,1,1,1,1
6,1,6,"221025_0833",1,"PAN","subjects",1,6,1,12.138,12.138,1,0.957437009,1,0.259229983,9,0.128151047,10,6,1,99999,8,0,99999,100,0,0,99999,260027,99999,99999,150,10,1,0,99999,99999,99999,99999,75,0,0,0,0,0,99999,0,20,3,99999,95,9,99999,8,0,5,99999,10,0,7,99999,2,99999,0,99999,1,1,1,50,50,86,-65,0,0,2,150,86,0,0,-1,-1,99999,0,99999,99999,NA,NA,NA,NA,NA,NA,NA,NA,NA,NA,NA,NA,NA,NA,NA,NA,NA,NA,NA,NA,NA,NA,NA,NA,NA,NA,NA,NA,NA,NA,NA,NA,NA,NA,NA,NA,NA,NA,NA,NA,NA,NA,NA,NA,NA,50,50,NA,NA,NA,1,1,1,1,1,1,1,1,1,1,1,1,1,1,1,NA,NA,NA,5,5,5,6,6,6,7,7,7,8,8,8,9,9,9
6,2,6,"221025_1023",2,"PAN","subjects",1,6,1,17.45,17.45,1,0.214739178,7,0.608182271,4,0.96514482,2,6,1,99999,9,0,99999,100,0,0,99999,260027,99999,99999,150,10,1,0,99999,99999,99999,99999,35,0,0,0,0,0,99999,1,31,3,99999,35,5,99999,4,0,5,99999,6,0,1,99999,1,99999,0,99999,1,1,3,35,50,174,-5,0,2,6,150,150,0,0,0,0,99999,0,99999,99999,NA,NA,NA,NA,NA,NA,NA,NA,NA,NA,NA,NA,NA,NA,NA,NA,NA,NA,NA,NA,NA,NA,NA,NA,NA,NA,NA,NA,NA,NA,NA,NA,NA,NA,NA,NA,NA,NA,NA,NA,NA,NA,NA,NA,NA,50,35,NA,NA,NA,NA,NA,NA,NA,NA,1,1,1,1,1,1,1,1,1,1,NA,NA,NA,NA,NA,NA,NA,NA,5,5,5,5,5,5,5,5,5,5
6,3,6,"221025_1237",3,"PAN","subjects",1,6,1,13.549,13.549,1,0.58365933,8,0.14818918,10,0.509332584,9,6,1,99999,1,0,99999,80,20,0,99999,260027,99999,99999,150,10,1,0,99999,99999,99999,99999,25,0,0,0,0,0,99999,1,22,2,99999,95,10,99999,8,2,6,99999,10,0,7,99999,1,99999,0,99999,1,0,0,20,70,103,-25,0,0,6,150,103,20,1.66,-1,-1,99999,0,99999,99999,NA,NA,NA,NA,NA,NA,NA,NA,NA,NA,NA,NA,NA,NA,NA,NA,NA,NA,NA,NA,NA,NA,NA,NA,NA,NA,NA,NA,NA,NA,NA,NA,NA,NA,NA,NA,NA,NA,NA,NA,NA,NA,NA,NA,NA,70,20,NA,NA,NA,NA,NA,NA,1,1,1,1,1,1,1,1,1,1,1,1,NA,NA,NA,NA,NA,NA,1,1,1,1,1,1,1,1,1,1,1,1
6,4,6,"221025_1434",4,"PAN","subjects",1,6,1,13.4245,13.4245,1,0.723556931,5,0.843443134,2,0.755559145,1,6,1,99999,1,0,99999,80,20,0,99999,260027,99999,99999,150,10,1,0,99999,99999,99999,99999,25,0,0,0,0,0,99999,0,19,2,99999,30,7,99999,8,1,4,99999,9,1,5,99999,2,99999,100,99999,0,1,1,35,0,101.5,-15,0,0,3,80,101.5,20,1.66,-1,-1,99999,0,99999,99999,NA,NA,NA,NA,NA,NA,NA,NA,NA,NA,NA,NA,NA,NA,NA,NA,NA,NA,NA,NA,NA,NA,NA,NA,NA,NA,NA,NA,NA,NA,NA,NA,NA,NA,NA,NA,NA,NA,NA,NA,NA,NA,NA,NA,NA,70,35,NA,NA,NA,NA,NA,NA,1,1,1,1,1,1,1,1,1,1,1,1,NA,NA,NA,NA,NA,NA,3,3,5,6,7,7,8,8,9,9,10,10
6,5,6,"221026_0839",5,"PAN","subjects",1,6,1,31.3525,31.3525,1,0.874537108,0,0.151893529,6,0.082997229,4,6,1,99999,7,0,99999,100,0,0,99999,260027,99999,99999,150,10,1,0,99999,99999,99999,99999,50,0,0,0,0,0,99999,1,23,3,99999,95,6,99999,7,3,9,99999,10,0,4,99999,6,99999,150,99999,1,1,8,65,50,317.5,20,0,0,5,150,317.5,0,0,-1,-1,99999,0,99999,99999,NA,NA,NA,NA,NA,NA,NA,NA,NA,NA,NA,NA,NA,NA,NA,NA,NA,NA,NA,NA,NA,NA,NA,NA,NA,NA,NA,NA,NA,NA,NA,NA,NA,NA,NA,NA,NA,NA,NA,NA,NA,NA,NA,NA,NA,50,65,NA,NA,NA,NA,NA,1,1,1,1,1,1,1,1,1,1,1,1,1,NA,NA,NA,NA,NA,2,2,2,2,2,2,3,3,3,4,4,5,5
6,6,6,"221026_1030",6,"PAN","subjects",1,6,1,13.4245,13.4245,1,0.924309606,1,0.28240207,6,0.51564329,4,6,1,99999,7,0,99999,90,10,0,99999,260027,99999,99999,150,10,1,0,99999,99999,99999,99999,10,0,0,0,0,0,99999,0,19,1,99999,95,7,99999,7,1,1,99999,7,1,7,99999,6,99999,0,99999,1,0,0,15,60,101.5,-10,0,0,3,150,101.5,10,0.83,-1,-1,99999,0,99999,99999,NA,NA,NA,NA,NA,NA,NA,NA,NA,NA,NA,NA,NA,NA,NA,NA,NA,NA,NA,NA,NA,NA,NA,NA,NA,NA,NA,NA,NA,NA,NA,NA,NA,NA,NA,NA,NA,NA,NA,NA,NA,NA,NA,NA,NA,60,15,NA,NA,NA,1,1,1,1,1,1,1,1,1,1,1,1,1,1,1,NA,NA,NA,1,1,1,1,1,1,1,1,1,1,1,1,1,1,1
7,1,7,"221025_0833",1,"PAN","subjects",1,7,1,13.6735,13.6735,1,0.251668445,7,0.825285832,3,0.121691271,10,7,1,99999,6,0,99999,70,30,0,99999,260027,99999,99999,150,10,1,0,99999,99999,99999,99999,65,0,0,0,0,0,99999,0,23,2,99999,50,3,99999,8,0,8,99999,10,2,5,99999,2,99999,100,99999,1,0,0,50,50,104.5,-65,0,0,9,120,104.5,30,2.49,-1,-1,99999,0,99999,99999,NA,NA,NA,NA,NA,NA,NA,NA,NA,NA,NA,NA,NA,NA,NA,NA,NA,NA,NA,NA,NA,NA,NA,NA,NA,NA,NA,NA,NA,NA,NA,NA,NA,NA,NA,NA,NA,NA,NA,NA,NA,NA,NA,NA,NA,50,50,NA,NA,NA,NA,NA,NA,NA,NA,NA,1,1,1,1,1,1,1,1,1,NA,NA,NA,NA,NA,NA,NA,NA,NA,1,3,3,4,4,5,6,7,8
7,2,7,"221025_1023",2,"PAN","subjects",1,7,1,9.98,9.98,1,0.230313458,7,0.174220632,10,0.871702815,2,7,1,99999,6,0,99999,60,40,0,99999,260027,99999,99999,150,10,1,0,99999,99999,99999,99999,25,0,0,0,0,0,99999,0,25,2,99999,35,2,99999,6,2,4,99999,7,2,0,99999,3,99999,200,99999,0,0,0,20,0,105,-5,0,6,4,60,60,40,3.32,40,3.32,99999,0,99999,99999,NA,NA,NA,NA,NA,NA,NA,NA,NA,NA,NA,NA,NA,NA,NA,NA,NA,NA,NA,NA,NA,NA,NA,NA,NA,NA,NA,NA,NA,NA,NA,NA,NA,NA,NA,NA,NA,NA,NA,NA,NA,NA,NA,NA,NA,40,20,NA,NA,NA,NA,1,1,1,1,1,1,1,1,1,1,1,1,1,1,NA,NA,NA,NA,2,3,3,2,1,2,3,2,1,2,3,1,4,5
7,3,7,"221025_1237",3,"PAN","subjects",1,7,1,14.877,14.877,1,0.559162624,8,0.366706684,6,0.407335432,9,7,1,99999,1,0,99999,30,70,0,99999,260027,99999,99999,150,10,1,0,99999,99999,99999,99999,20,0,0,0,0,0,99999,1,21,3,99999,20,1,99999,6,2,0,99999,10,3,5,99999,4,99999,400,99999,1,1,1,20,50,119,-10,0,3,5,80,119,70,5.81,-1,-1,99999,0,99999,99999,NA,NA,NA,NA,NA,NA,NA,NA,NA,NA,NA,NA,NA,NA,NA,NA,NA,NA,NA,NA,NA,NA,NA,NA,NA,NA,NA,NA,NA,NA,NA,NA,NA,NA,NA,NA,NA,NA,NA,NA,NA,NA,NA,NA,NA,50,20,NA,NA,NA,NA,NA,1,1,1,1,1,1,1,1,1,1,1,1,1,NA,NA,NA,NA,NA,1,1,1,2,2,3,3,3,3,4,4,5,5
7,4,7,"221025_1434",4,"PAN","subjects",1,7,1,13.5075,13.5075,1,0.902487481,2,0.539534835,4,0.389186101,5,7,1,99999,5,0,99999,90,10,0,99999,260027,99999,99999,150,10,1,0,99999,99999,99999,99999,75,0,0,0,0,0,99999,1,28,3,99999,95,6,99999,10,0,10,99999,10,0,6,99999,5,99999,100,99999,1,0,0,35,50,102.5,-35,0,2,3,140,102.5,10,0.83,-1,-1,99999,0,99999,99999,NA,NA,NA,NA,NA,NA,NA,NA,NA,NA,NA,NA,NA,NA,NA,NA,NA,NA,NA,NA,NA,NA,NA,NA,NA,NA,NA,NA,NA,NA,NA,NA,NA,NA,NA,NA,NA,NA,NA,NA,NA,NA,NA,NA,NA,50,35,NA,NA,NA,1,1,1,1,1,1,1,1,1,1,1,1,1,1,1,NA,NA,NA,1,1,1,1,1,1,2,2,2,3,3,3,4,4,4
7,6,7,"221026_1030",6,"PAN","subjects",1,7,1,27.9495,27.9495,1,0.426700577,7,0.900687625,0,0.405324097,5,7,1,99999,6,0,99999,80,20,0,99999,260027,99999,99999,150,10,1,0,99999,99999,99999,99999,75,0,0,0,0,0,99999,1,20,1,99999,75,8,99999,5,3,7,99999,9,2,8,99999,3,99999,80,99999,1,1,7,75,50,276.5,-5,0,4,9,130,276.5,20,1.66,-1,-1,99999,0,99999,99999,NA,NA,NA,NA,NA,NA,NA,NA,NA,NA,NA,NA,NA,NA,NA,NA,NA,NA,NA,NA,NA,NA,NA,NA,NA,NA,NA,NA,NA,NA,NA,NA,NA,NA,NA,NA,NA,NA,NA,NA,NA,NA,NA,NA,NA,50,75,NA,NA,NA,NA,NA,NA,NA,NA,NA,NA,NA,NA,1,1,1,1,1,1,NA,NA,NA,NA,NA,NA,NA,NA,NA,NA,NA,NA,4,4,6,7,8,8
8,1,8,"221025_0833",1,"PAN","subjects",1,8,1,12.719,12.719,1,0.892399629,1,0.758058539,3,0.823596667,4,8,1,99999,11,0,99999,70,30,0,99999,260027,99999,99999,150,10,1,0,99999,99999,99999,99999,75,0,0,0,0,0,99999,1,25,3,99999,60,4,99999,10,1,7,99999,9,0,3,99999,1,99999,700,99999,0,1,1,45,0,93,-65,0,4,2,70,93,30,2.49,-1,-1,99999,0,99999,99999,NA,NA,NA,NA,NA,NA,NA,NA,NA,NA,NA,NA,NA,NA,NA,NA,NA,NA,NA,NA,NA,NA,NA,NA,NA,NA,NA,NA,NA,NA,NA,NA,NA,NA,NA,NA,NA,NA,NA,NA,NA,NA,NA,NA,NA,70,45,NA,NA,1,1,1,1,1,1,1,1,1,1,1,1,1,1,1,1,NA,NA,1,1,1,1,1,3,3,3,3,5,5,5,5,6,6,6
8,2,8,"221025_1023",2,"PAN","subjects",1,8,1,13.3,13.3,1,0.633779309,4,0.067966849,10,0.069704257,9,8,1,99999,5,0,99999,50,50,0,99999,260027,99999,99999,150,10,1,0,99999,99999,99999,99999,95,0,0,0,0,0,99999,0,30,3,99999,65,4,99999,8,4,6,99999,8,2,1,99999,4,99999,50,99999,1,1,6,65,50,248.5,-15,0,0,7,100,100,50,4.15,50,4.15,99999,0,99999,99999,NA,NA,NA,NA,NA,NA,NA,NA,NA,NA,NA,NA,NA,NA,NA,NA,NA,NA,NA,NA,NA,NA,NA,NA,NA,NA,NA,NA,NA,NA,NA,NA,NA,NA,NA,NA,NA,NA,NA,NA,NA,NA,NA,NA,NA,50,65,NA,NA,NA,NA,NA,NA,NA,NA,1,1,1,1,1,1,1,1,1,1,NA,NA,NA,NA,NA,NA,NA,NA,1,1,1,2,2,3,4,5,6,7
8,3,8,"221025_1237",3,"PAN","subjects",1,8,1,13.383,13.383,1,0.164918949,11,0.615550511,2,0.046066753,12,8,1,99999,7,0,99999,80,20,0,99999,260027,99999,99999,150,10,1,0,99999,99999,99999,99999,45,0,0,0,0,0,99999,0,28,3,99999,25,2,99999,7,6,6,99999,6,2,1,99999,4,99999,150,99999,0,0,0,25,0,101,25,0.5,0,1,80,101,20,1.66,-1,-1,99999,0,99999,99999,NA,NA,NA,NA,NA,NA,NA,NA,NA,NA,NA,NA,NA,NA,NA,NA,NA,NA,NA,NA,NA,NA,NA,NA,NA,NA,NA,NA,NA,NA,NA,NA,NA,NA,NA,NA,NA,NA,NA,NA,NA,NA,NA,NA,NA,80,25,NA,1,1,1,1,1,1,1,1,1,1,1,1,1,1,1,1,1,NA,1,1,1,1,1,1,2,2,2,2,3,3,4,5,5,6,6
8,4,8,"221025_1434",4,"PAN","subjects",1,8,1,13.549,13.549,1,0.822910599,4,0.565924073,3,0.050795303,9,8,1,99999,2,0,99999,100,0,0,99999,260027,99999,99999,150,10,1,0,99999,99999,99999,99999,20,0,0,0,0,0,99999,0,36,3,99999,75,4,99999,10,2,3,99999,10,2,1,99999,4,99999,250,99999,1,0,0,20,50,103,-20,0,1,5,150,103,0,0,-1,-1,99999,0,99999,99999,NA,NA,NA,NA,NA,NA,NA,NA,NA,NA,NA,NA,NA,NA,NA,NA,NA,NA,NA,NA,NA,NA,NA,NA,NA,NA,NA,NA,NA,NA,NA,NA,NA,NA,NA,NA,NA,NA,NA,NA,NA,NA,NA,NA,NA,50,20,NA,NA,NA,NA,NA,1,1,1,1,1,1,1,1,1,1,1,1,1,NA,NA,NA,NA,NA,1,1,1,1,1,1,1,1,1,1,1,1,1
8,6,8,"221026_1030",6,"PAN","subjects",1,8,1,13.0925,13.0925,1,0.014535899,10,0.629999747,3,0.118076724,9,8,1,99999,9,0,99999,70,30,0,99999,260027,99999,99999,150,10,1,0,99999,99999,99999,99999,95,0,0,0,0,0,99999,1,19,2,99999,45,3,99999,8,3,2,99999,10,2,2,99999,2,99999,250,99999,0,1,1,40,0,97.5,5,0,0,5,70,97.5,30,2.49,-1,-1,99999,0,99999,99999,NA,NA,NA,NA,NA,NA,NA,NA,NA,NA,NA,NA,NA,NA,NA,NA,NA,NA,NA,NA,NA,NA,NA,NA,NA,NA,NA,NA,NA,NA,NA,NA,NA,NA,NA,NA,NA,NA,NA,NA,NA,NA,NA,NA,NA,60,40,NA,NA,NA,NA,NA,1,1,1,1,1,1,1,1,1,1,1,1,1,NA,NA,NA,NA,NA,2,2,2,2,3,3,3,3,4,4,4,3,4
9,1,9,"221025_0833",1,"PAN","subjects",1,9,1,31.9335,31.9335,1,0.806655313,3,0.953467126,0,0.704596089,4,9,1,99999,12,0,99999,100,0,0,99999,260027,99999,99999,150,10,1,0,99999,99999,99999,99999,95,0,0,0,0,0,99999,0,21,3,99999,15,1,99999,4,8,8,99999,9,3,0,99999,5,99999,0,99999,0,1,9,95,0,324.5,-5,0,6,3,100,324.5,0,0,-1,-1,99999,0,99999,99999,NA,NA,NA,NA,NA,NA,NA,NA,NA,NA,NA,NA,NA,NA,NA,NA,NA,NA,NA,NA,NA,NA,NA,NA,NA,NA,NA,NA,NA,NA,NA,NA,NA,NA,NA,NA,NA,NA,NA,NA,NA,NA,NA,NA,NA,50,95,NA,NA,NA,NA,NA,NA,1,1,1,1,1,1,1,1,1,1,1,1,NA,NA,NA,NA,NA,NA,1,2,3,4,5,5,6,7,7,8,8,8
9,2,9,"221025_1023",2,"PAN","subjects",1,9,1,15.79,15.79,1,0.788137699,2,0.304721434,8,0.134143259,9,9,1,99999,12,0,99999,80,20,0,99999,260027,99999,99999,150,10,1,0,99999,99999,99999,99999,20,0,0,0,0,0,99999,0,27,3,99999,95,5,99999,2,2,2,99999,8,0,8,99999,4,99999,50,99999,1,1,3,40,50,168,0,0.5,0,5,130,130,20,1.66,20,1.66,99999,0,99999,99999,NA,NA,NA,NA,NA,NA,NA,NA,NA,NA,NA,NA,NA,NA,NA,NA,NA,NA,NA,NA,NA,NA,NA,NA,NA,NA,NA,NA,NA,NA,NA,NA,NA,NA,NA,NA,NA,NA,NA,NA,NA,NA,NA,NA,NA,50,40,NA,NA,NA,NA,NA,NA,NA,NA,NA,1,1,1,1,1,1,1,1,1,NA,NA,NA,NA,NA,NA,NA,NA,NA,1,1,1,1,1,1,1,1,1
9,3,9,"221025_1237",3,"PAN","subjects",1,9,1,15.0845,15.0845,1,0.417936052,9,0.320633511,6,0.543100306,8,9,1,99999,1,0,99999,100,0,0,99999,260027,99999,99999,150,10,1,0,99999,99999,99999,99999,50,0,0,0,0,0,99999,0,28,3,99999,95,5,99999,8,8,9,99999,10,3,3,99999,3,99999,250,99999,0,1,2,50,0,121.5,-30,0,0,3,100,121.5,0,0,-1,-1,99999,0,99999,99999,NA,NA,NA,NA,NA,NA,NA,NA,NA,NA,NA,NA,NA,NA,NA,NA,NA,NA,NA,NA,NA,NA,NA,NA,NA,NA,NA,NA,NA,NA,NA,NA,NA,NA,NA,NA,NA,NA,NA,NA,NA,NA,NA,NA,NA,50,50,NA,NA,NA,NA,NA,NA,NA,NA,1,1,1,1,1,1,1,1,1,1,NA,NA,NA,NA,NA,NA,NA,NA,3,3,4,4,5,5,6,6,7,7
9,4,9,"221025_1434",4,"PAN","subjects",1,9,1,13.383,13.383,1,0.282897146,7,0.907172217,1,0.586753527,3,9,1,99999,5,0,99999,70,30,0,99999,260027,99999,99999,150,10,1,0,99999,99999,99999,99999,1,0,0,0,0,0,99999,1,19,3,99999,20,1,99999,9,0,4,99999,10,2,5,99999,1,99999,200,99999,1,0,0,15,60,101,-1,0,0,2,130,101,30,2.49,-1,-1,99999,0,99999,99999,NA,NA,NA,NA,NA,NA,NA,NA,NA,NA,NA,NA,NA,NA,NA,NA,NA,NA,NA,NA,NA,NA,NA,NA,NA,NA,NA,NA,NA,NA,NA,NA,NA,NA,NA,NA,NA,NA,NA,NA,NA,NA,NA,NA,NA,60,15,NA,NA,1,1,1,1,1,1,1,1,1,1,1,1,1,1,1,1,NA,NA,1,4,6,8,10,10,10,10,10,10,10,10,10,10,10,10
9,6,9,"221026_1030",6,"PAN","subjects",1,9,1,13.881,13.881,1,0.055895545,10,0.561594838,3,0.52023554,4,9,1,99999,2,0,99999,100,0,0,99999,260027,99999,99999,150,10,1,0,99999,99999,99999,99999,20,0,0,0,0,0,99999,1,28,3,99999,95,5,99999,5,5,5,99999,9,1,0,99999,5,99999,100,99999,0,0,0,20,0,107,-20,0,12,2,100,107,0,0,-1,-1,99999,0,99999,99999,NA,NA,NA,NA,NA,NA,NA,NA,NA,NA,NA,NA,NA,NA,NA,NA,NA,NA,NA,NA,NA,NA,NA,NA,NA,NA,NA,NA,NA,NA,NA,NA,NA,NA,NA,NA,NA,NA,NA,NA,NA,NA,NA,NA,NA,90,20,NA,NA,1,1,1,1,1,1,1,1,1,1,1,1,1,1,1,1,NA,NA,1,1,1,1,1,1,1,1,1,1,1,1,1,1,1,1
