"Group2","Marker","Group1","Date","Session","subjects","Period","Subject","Group","Profit","TotalProfit","Participate","R1","Rank1","R2","Rank2","R0","Rank0","Group0","Type","P1Self1","P1Self2","P1Self3","P1Self4","P1Self5","P1SelfP","P1Org1","P1Org2","P1Org3","P1Org4","P1Org5","P1OrgP","max_indiff","chosen_charity","TimeContinuePrefOrgIntroOK","min_o1_o2","min_o1_o2_o3","min_o1_o2_o3_o4","min_o1_o2_o3_o4_o5","charityPart2","rand_P1_char","charityPart1","DictatorSelf","DictatorCharity","TimeOKSelectCharityOK","TimeOKUltimatumAgentOK","TimeOKPayoffInformationOK","answerPart2","TimeOKCodeToStartPart2OK","TimeOKPart2OK","answer1","answer2","answer3","answer4","answer6","answer7","TimeOKControlQuestionsOK","TimeOKRoleAssignmentOK","TimeOKPAPrincipalExpectedAcceptanceOK","TimeOKPAPrincipalEffortOK","OptimalWage","TimeOKPAAgentOK","TimeOKPAAgentEffortOK","PreferedWage","PreferedEffort","TimeOKPAAgentPreferedContractOK","TimeCONTINUEQuestionnaireOK","gender","age","study","TimeCONTINUEQuestion1SociecoOK","fair_wage","fair_effort","TimeCONTINUEQuestion2FairnessRatingsOK","Give_Charity","Punish_Self","Punish_Others","TimeCONTINUEQuestion3WillingnessToActOK","Favor_return","Favor_revenge","Favor_intentions","TimeCONTINUEQuestion4FavorOK","Gift","TimeCONTINUEQuestion5GiftOK","Donation_Good_Cause","TimeCONTINUEQuestion6DonationOK","UltimatumContractConcluded","PAContractConcluded","PAEffort","PAWage","UltimatumPayoff","PAPayoff","OptimalWagePayoff","OptimalWageBonus","NumCorrectAcceptGuesses","NumCorrectRefuseGuesses","PayoffPart1","TotalPayoff","PayoffCharityPart1","PayoffCharityPart1Euro","PayoffCharityPart2","PayoffCharityPart2Euro","TotalPayoffCharity","TotalPayoffCharityEuro","TimeOKFinalPayoffCalculationOK","TimeOKFinalPayoffDisplayAgentOK","TimeOKFinalPayoffDisplayPrincipalOK","TimeTheEndTheEndOK","Ultimatum_Accept_Agent_atShare_Principal_10","Ultimatum_Accept_Agent_atShare_Principal_20","Ultimatum_Accept_Agent_atShare_Principal_30","Ultimatum_Accept_Agent_atShare_Principal_40","Ultimatum_Accept_Agent_atShare_Principal_50","Ultimatum_Accept_Agent_atShare_Principal_60","Ultimatum_Accept_Agent_atShare_Principal_70","Ultimatum_Accept_Agent_atShare_Principal_80","Ultimatum_Accept_Agent_atShare_Principal_90","PA_Accept_Agent_atWage_1","PA_Accept_Agent_atWage_3","PA_Accept_Agent_atWage_5","PA_Accept_Agent_atWage_10","PA_Accept_Agent_atWage_15","PA_Accept_Agent_atWage_20","PA_Accept_Agent_atWage_25","PA_Accept_Agent_atWage_30","PA_Accept_Agent_atWage_35","PA_Accept_Agent_atWage_40","PA_Accept_Agent_atWage_45","PA_Accept_Agent_atWage_50","PA_Accept_Agent_atWage_55","PA_Accept_Agent_atWage_60","PA_Accept_Agent_atWage_65","PA_Accept_Agent_atWage_75","PA_Accept_Agent_atWage_85","PA_Accept_Agent_atWage_95","PA_OfferedEffort_Agent_atWage_1","PA_OfferedEffort_Agent_atWage_3","PA_OfferedEffort_Agent_atWage_5","PA_OfferedEffort_Agent_atWage_10","PA_OfferedEffort_Agent_atWage_15","PA_OfferedEffort_Agent_atWage_20","PA_OfferedEffort_Agent_atWage_25","PA_OfferedEffort_Agent_atWage_30","PA_OfferedEffort_Agent_atWage_35","PA_OfferedEffort_Agent_atWage_40","PA_OfferedEffort_Agent_atWage_45","PA_OfferedEffort_Agent_atWage_50","PA_OfferedEffort_Agent_atWage_55","PA_OfferedEffort_Agent_atWage_60","PA_OfferedEffort_Agent_atWage_65","PA_OfferedEffort_Agent_atWage_75","PA_OfferedEffort_Agent_atWage_85","PA_OfferedEffort_Agent_atWage_95","Ultimatum_Offer_Principal","PA_Offer_Principal","PA_ExpectedAcceptance_Principal_atWage_1","PA_ExpectedAcceptance_Principal_atWage_3","PA_ExpectedAcceptance_Principal_atWage_5","PA_ExpectedAcceptance_Principal_atWage_10","PA_ExpectedAcceptance_Principal_atWage_15","PA_ExpectedAcceptance_Principal_atWage_20","PA_ExpectedAcceptance_Principal_atWage_25","PA_ExpectedAcceptance_Principal_atWage_30","PA_ExpectedAcceptance_Principal_atWage_35","PA_ExpectedAcceptance_Principal_atWage_40","PA_ExpectedAcceptance_Principal_atWage_45","PA_ExpectedAcceptance_Principal_atWage_50","PA_ExpectedAcceptance_Principal_atWage_55","PA_ExpectedAcceptance_Principal_atWage_60","PA_ExpectedAcceptance_Principal_atWage_65","PA_ExpectedAcceptance_Principal_atWage_75","PA_ExpectedAcceptance_Principal_atWage_85","PA_ExpectedAcceptance_Principal_atWage_95","PA_ExpectedEffort_Principal_atWage_1","PA_ExpectedEffort_Principal_atWage_3","PA_ExpectedEffort_Principal_atWage_5","PA_ExpectedEffort_Principal_atWage_10","PA_ExpectedEffort_Principal_atWage_15","PA_ExpectedEffort_Principal_atWage_20","PA_ExpectedEffort_Principal_atWage_25","PA_ExpectedEffort_Principal_atWage_30","PA_ExpectedEffort_Principal_atWage_35","PA_ExpectedEffort_Principal_atWage_40","PA_ExpectedEffort_Principal_atWage_45","PA_ExpectedEffort_Principal_atWage_50","PA_ExpectedEffort_Principal_atWage_55","PA_ExpectedEffort_Principal_atWage_60","PA_ExpectedEffort_Principal_atWage_65","PA_ExpectedEffort_Principal_atWage_75","PA_ExpectedEffort_Principal_atWage_85","PA_ExpectedEffort_Principal_atWage_95"
1,1,7,"220516_0843",1,"subjects",1,16,1,15.62,15.62,1,0.239314269,7,0.985264168,1,0.422551674,8,8,2,90,90,90,80,80,-1,10.46959438,10.73024299,10.1938988,20.18125496,20.21287065,-1,-1,"NULL",99999,10.46959438,10.1938988,10.1938988,10.1938988,"Stiftung Orgelklang",0.060624644,"a participant of another experiment",90,10,99999,99999,99999,260027,99999,99999,150,10,1,10,25,0,99999,99999,0,0,0,99999,99999,95,10,99999,99999,1,25,3,99999,55,10,99999,5,1,5,99999,9,1,6,99999,3,99999,200,99999,1,1,1,10,50,110,0,0,0,0,140,140,10,0.83,25,2.075,10,0.83,99999,99999,0,99999,1,1,1,1,1,1,1,1,1,NA,NA,NA,1,1,1,1,1,1,1,1,1,1,1,1,1,1,1,NA,NA,NA,1,2,2,3,3,4,4,4,5,5,6,7,8,9,10,NA,NA,NA,NA,NA,NA,NA,NA,NA,NA,NA,NA,NA,NA,NA,NA,NA,NA,NA,NA,NA,NA,NA,NA,NA,NA,NA,NA,NA,NA,NA,NA,NA,NA,NA,NA,NA,NA
1,2,6,"220516_1031",1,"subjects",1,14,1,12.3,12.3,1,0.732636924,6,0.997707387,1,0.338681849,10,10,2,50,50,50,50,50,-1,50.22584191,50.32413123,50.63773063,50.3104067,50.35530389,-1,-1,"NULL",99999,50.22584191,50.22584191,50.22584191,50.22584191,"a participant of another experiment",0.754627718,"Rattenhilfe Nordwest e.V. ",50,50,99999,99999,99999,260027,99999,99999,150,10,1,10,25,0,99999,99999,0,0,0,99999,99999,50,10,99999,99999,1,22,3,99999,40,7,99999,8,4,6,99999,10,2,2,99999,5,99999,400,99999,1,1,8,40,50,128,0,0,0,0,100,100,50,4.15,200,16.6,50,4.15,99999,99999,0,99999,1,1,1,1,1,1,NA,NA,NA,1,1,1,1,1,1,1,1,1,1,1,1,1,1,1,1,1,1,6,6,6,6,6,6,6,6,7,8,8,10,10,10,10,10,10,10,NA,NA,NA,NA,NA,NA,NA,NA,NA,NA,NA,NA,NA,NA,NA,NA,NA,NA,NA,NA,NA,NA,NA,NA,NA,NA,NA,NA,NA,NA,NA,NA,NA,NA,NA,NA,NA,NA
1,3,10,"220516_1239",1,"subjects",1,21,1,16.035,16.035,1,0.335083177,10,0.921526372,1,0.722891708,4,4,2,100,100,100,100,100,-1,0.185409083,0.340115586,0.769420677,0.322653708,0.122846663,-1,-1,"NULL",99999,0.185409083,0.185409083,0.185409083,0.122846663,"Adipositas Stiftung Deutschland",0.901158414,"Adipositas Stiftung Deutschland",100,0,99999,99999,99999,260027,99999,99999,150,10,1,10,25,0,99999,99999,0,0,0,99999,99999,95,1,99999,99999,0,21,1,99999,30,5,99999,5,7,1,99999,5,5,5,99999,2,99999,50,99999,0,1,9,60,0,145,0,0,0,0,100,145,0,0,225,18.675,225,18.675,99999,99999,0,99999,1,1,1,1,NA,NA,NA,NA,NA,NA,NA,NA,NA,NA,NA,NA,1,1,1,1,1,1,1,1,1,1,1,NA,NA,NA,NA,NA,NA,NA,1,2,6,6,8,8,9,10,10,10,10,NA,NA,NA,NA,NA,NA,NA,NA,NA,NA,NA,NA,NA,NA,NA,NA,NA,NA,NA,NA,NA,NA,NA,NA,NA,NA,NA,NA,NA,NA,NA,NA,NA,NA,NA,NA,NA,NA
1,4,5,"220516_1422",1,"subjects",1,21,1,16.45,16.45,1,0.292855057,5,0.980125962,1,0.26102027,9,9,2,100,100,100,100,100,-1,0.223997184,0.967675068,0.745622251,0.897565335,0.720674509,-1,-1,"NULL",99999,0.223997184,0.223997184,0.223997184,0.223997184,"a participant of another experiment",0.441606816,"Stiftung Orgelklang",100,0,99999,99999,99999,260027,99999,99999,150,10,1,10,25,0,99999,99999,0,0,0,99999,99999,95,1,99999,99999,1,23,3,99999,5,1,99999,5,2,6,99999,5,0,0,99999,4,99999,100,99999,1,1,1,50,50,150,0,0,0,0,150,150,0,0,25,2.075,25,2.075,99999,99999,0,99999,1,1,1,1,1,NA,NA,NA,NA,NA,NA,NA,1,1,1,1,1,1,1,1,1,1,1,1,1,1,1,NA,NA,NA,1,1,1,1,1,1,1,1,1,1,1,1,1,1,1,NA,NA,NA,NA,NA,NA,NA,NA,NA,NA,NA,NA,NA,NA,NA,NA,NA,NA,NA,NA,NA,NA,NA,NA,NA,NA,NA,NA,NA,NA,NA,NA,NA,NA,NA,NA,NA,NA
10,1,5,"220516_0843",1,"subjects",1,19,1,13.13,13.13,1,0.678555247,5,0.004333927,10,0.597736899,4,4,2,80,30,90,100,70,-1,20.85603484,70.03437836,10.71233355,0.739603211,30.94043615,-1,-1,"NULL",99999,20.85603484,10.71233355,0.739603211,0.739603211,"Rattenhilfe Nordwest e.V. ",0.951116871,"Adipositas Stiftung Deutschland",70,30,99999,99999,99999,260027,99999,99999,150,10,1,10,25,0,99999,99999,0,0,0,99999,99999,95,2,99999,99999,1,29,3,99999,50,5,99999,2,5,3,99999,10,2,1,99999,3,99999,50,99999,1,0,0,1,40,105,0,0,0,0,110,110,30,2.49,0,0,30,2.49,99999,99999,0,99999,1,1,1,1,1,1,1,1,NA,NA,NA,NA,NA,NA,NA,NA,1,1,1,1,1,1,1,1,1,1,1,NA,NA,NA,NA,NA,NA,NA,1,1,1,1,2,2,4,5,6,7,8,NA,NA,NA,NA,NA,NA,NA,NA,NA,NA,NA,NA,NA,NA,NA,NA,NA,NA,NA,NA,NA,NA,NA,NA,NA,NA,NA,NA,NA,NA,NA,NA,NA,NA,NA,NA,NA,NA
10,2,7,"220516_1031",1,"subjects",1,13,1,15.62,15.62,1,0.527655131,7,0.468060559,10,0.661520742,4,4,2,50,100,100,90,100,-1,50.52892003,0.436510233,0.316240093,10.46192811,0.405207466,-1,-1,"NULL",99999,0.436510233,0.316240093,0.316240093,0.316240093,"Stiftung Orgelklang",0.470565695,"Stiftung Orgelklang",100,0,99999,99999,99999,260027,99999,99999,150,10,1,10,25,0,99999,99999,0,0,0,99999,99999,60,10,99999,99999,1,32,3,99999,60,10,99999,10,10,10,99999,10,0,10,99999,6,99999,300,99999,1,1,4,25,40,121,0,0,0,0,140,140,0,0,100,8.3,0,0,99999,99999,0,99999,1,1,1,1,1,1,1,1,1,1,1,1,1,1,1,1,1,1,1,1,1,1,1,1,1,1,1,2,1,2,6,3,5,4,6,6,7,8,9,10,10,10,10,10,10,NA,NA,NA,NA,NA,NA,NA,NA,NA,NA,NA,NA,NA,NA,NA,NA,NA,NA,NA,NA,NA,NA,NA,NA,NA,NA,NA,NA,NA,NA,NA,NA,NA,NA,NA,NA,NA,NA
10,3,6,"220516_1239",1,"subjects",1,12,1,12.715,12.715,1,0.63351995,6,0.143324978,10,0.134844317,11,11,2,80,100,100,100,90,-1,20.00776027,0.654733632,0.920465009,0.682883465,10.13053233,-1,-1,"NULL",99999,0.654733632,0.654733632,0.654733632,0.654733632,"Deutsche Hauptstelle f¸r Suchtfragen e.V.",0.028160976,"a participant of another experiment",80,20,99999,99999,99999,260027,99999,99999,150,10,1,10,25,0,99999,99999,0,0,0,99999,99999,50,8,99999,99999,1,45,3,99999,45,8,99999,7,3,2,99999,10,0,5,99999,2,99999,100,99999,1,0,0,5,50,105,0,0,0,0,130,105,20,1.66,0,0,0,0,99999,99999,0,99999,1,1,1,1,1,1,NA,NA,NA,NA,NA,NA,1,1,1,1,1,1,1,1,1,1,1,1,1,1,1,NA,NA,NA,2,3,4,4,4,5,6,7,7,8,8,9,9,10,10,NA,NA,NA,NA,NA,NA,NA,NA,NA,NA,NA,NA,NA,NA,NA,NA,NA,NA,NA,NA,NA,NA,NA,NA,NA,NA,NA,NA,NA,NA,NA,NA,NA,NA,NA,NA,NA,NA
10,4,7,"220516_1422",1,"subjects",1,18,1,13.794,13.794,1,0.228577723,7,0.418052101,10,0.14715935,11,11,2,100,100,100,100,100,-1,0.416253007,0.980600057,0.209756535,0.285265807,0.07396976,-1,-1,"NULL",99999,0.416253007,0.209756535,0.209756535,0.07396976,"Adipositas Stiftung Deutschland",0.060541593,"a participant of another experiment",100,0,99999,99999,99999,260027,99999,99999,150,10,1,10,25,0,99999,99999,0,0,0,99999,99999,95,7,99999,99999,0,26,2,99999,65,8,99999,8,2,2,99999,9,2,7,99999,2,99999,20,99999,1,1,3,20,50,118,0,0,0,0,150,118,0,0,75,6.225,75,6.225,99999,99999,0,99999,1,1,1,1,1,1,NA,NA,NA,NA,NA,NA,1,1,1,1,1,1,1,1,1,1,1,1,1,1,1,NA,NA,NA,2,2,3,3,6,6,7,7,8,8,9,9,10,10,10,NA,NA,NA,NA,NA,NA,NA,NA,NA,NA,NA,NA,NA,NA,NA,NA,NA,NA,NA,NA,NA,NA,NA,NA,NA,NA,NA,NA,NA,NA,NA,NA,NA,NA,NA,NA,NA,NA
11,2,5,"220516_1031",1,"subjects",1,16,1,13.13,13.13,1,0.753471614,5,0.44341198,11,0.440093977,8,8,2,80,80,80,80,80,-1,20.2259784,20.07974217,20.93400859,20.09600123,20.46388611,-1,-1,"NULL",99999,20.07974217,20.07974217,20.07974217,20.07974217,"Deutsche Hauptstelle f¸r Suchtfragen e.V.",0.871147602,"Adipositas Stiftung Deutschland",80,20,99999,99999,99999,260027,99999,99999,150,10,1,10,25,0,99999,99999,0,0,0,99999,99999,60,10,99999,99999,0,26,3,99999,60,10,99999,7,6,8,99999,8,4,8,99999,4,99999,200,99999,1,1,10,60,30,142,0,0,0,0,110,110,20,1.66,250,20.75,20,1.66,99999,99999,0,99999,1,1,1,1,1,1,1,1,1,NA,NA,NA,NA,1,1,1,1,1,1,1,1,1,1,1,1,1,1,NA,NA,NA,NA,2,3,4,5,6,7,7,8,9,10,10,10,10,10,NA,NA,NA,NA,NA,NA,NA,NA,NA,NA,NA,NA,NA,NA,NA,NA,NA,NA,NA,NA,NA,NA,NA,NA,NA,NA,NA,NA,NA,NA,NA,NA,NA,NA,NA,NA,NA,NA
11,3,2,"220516_1239",1,"subjects",1,22,1,12.715,12.715,1,0.961102098,2,0.002152103,11,0.268532185,10,10,2,90,90,90,90,90,-1,10.076442,10.76069444,10.04751246,10.14524924,10.52624439,-1,-1,"NULL",99999,10.076442,10.04751246,10.04751246,10.04751246,"Stiftung Orgelklang",0.823875635,"Adipositas Stiftung Deutschland",90,10,99999,99999,99999,260027,99999,99999,150,10,1,10,25,0,99999,99999,0,0,0,99999,99999,60,6,99999,99999,0,24,3,99999,60,10,99999,8,1,2,99999,9,1,5,99999,2,99999,250,99999,1,0,0,30,50,105,0,0,0,0,140,105,10,0.83,0,0,0,0,99999,99999,0,99999,NA,NA,NA,1,1,1,1,1,NA,NA,NA,NA,NA,NA,NA,NA,NA,NA,1,1,1,1,1,1,1,1,1,NA,NA,NA,NA,NA,NA,NA,NA,NA,2,3,4,5,6,7,8,9,10,NA,NA,NA,NA,NA,NA,NA,NA,NA,NA,NA,NA,NA,NA,NA,NA,NA,NA,NA,NA,NA,NA,NA,NA,NA,NA,NA,NA,NA,NA,NA,NA,NA,NA,NA,NA,NA,NA
11,4,1,"220516_1422",1,"subjects",1,16,1,15.62,15.62,1,0.624674044,1,0.201665487,11,0.506505474,6,6,2,100,100,100,100,100,-1,0.423872628,0.13289645,0.171459426,0.17473049,0.936836354,-1,-1,"NULL",99999,0.13289645,0.13289645,0.13289645,0.13289645,"Deutsche Hauptstelle f¸r Suchtfragen e.V.",0.522554092,"Stiftung Orgelklang",100,0,99999,99999,99999,260027,99999,99999,150,10,1,10,25,0,99999,99999,0,0,0,99999,99999,95,1,99999,99999,1,26,3,99999,40,7,99999,0,10,5,99999,0,8,8,99999,0,99999,0,99999,1,1,1,40,50,140,0,0,0,0,150,140,0,0,25,2.075,25,2.075,99999,99999,0,99999,1,1,1,1,1,1,1,1,1,NA,1,1,1,1,1,1,1,1,1,1,1,1,1,1,1,1,1,NA,1,1,1,1,1,1,1,1,1,1,1,1,1,1,1,1,1,NA,NA,NA,NA,NA,NA,NA,NA,NA,NA,NA,NA,NA,NA,NA,NA,NA,NA,NA,NA,NA,NA,NA,NA,NA,NA,NA,NA,NA,NA,NA,NA,NA,NA,NA,NA,NA,NA
12,2,11,"220516_1031",1,"subjects",1,17,1,16.45,16.45,1,0.049646942,11,0.425148377,12,0.565797007,7,7,2,100,50,50,90,80,-1,0.21767212,50.96027815,50.29143103,10.01892517,20.4189203,-1,-1,"NULL",99999,0.21767212,0.21767212,0.21767212,0.21767212,"a participant of another experiment",0.142763122,"a participant of another experiment",100,0,99999,99999,99999,260027,99999,99999,150,10,1,10,25,0,99999,99999,0,0,0,99999,99999,95,5,99999,99999,1,29,3,99999,40,7,99999,5,5,9,99999,9,9,5,99999,4,99999,200,99999,1,1,5,30,50,124,0,0,0,0,150,150,0,0,125,10.375,0,0,99999,99999,0,99999,1,1,1,1,1,1,1,1,1,NA,NA,NA,NA,1,1,1,1,1,1,1,1,1,1,1,1,1,1,NA,NA,NA,NA,5,5,5,5,5,5,5,5,5,5,5,5,5,5,NA,NA,NA,NA,NA,NA,NA,NA,NA,NA,NA,NA,NA,NA,NA,NA,NA,NA,NA,NA,NA,NA,NA,NA,NA,NA,NA,NA,NA,NA,NA,NA,NA,NA,NA,NA,NA,NA
12,4,8,"220516_1422",1,"subjects",1,13,1,15.786,15.786,1,0.190085316,8,0.04622421,12,0.40860066,7,7,2,50,50,100,100,40,-1,50.65737472,50.99096112,0.067332281,0.491327228,60.90294761,-1,-1,"NULL",99999,50.65737472,0.067332281,0.067332281,0.067332281,"Stiftung Orgelklang",0.590465937,"Stiftung Orgelklang",100,0,99999,99999,99999,260027,99999,99999,150,10,1,10,25,0,99999,99999,0,0,0,99999,99999,95,1,99999,99999,1,21,3,99999,40,7,99999,9,0,8,99999,7,0,9,99999,6,99999,50,99999,1,1,6,50,50,142,0,0,0,0,150,142,0,0,150,12.45,150,12.45,99999,99999,0,99999,1,1,1,1,1,1,NA,NA,NA,NA,NA,NA,NA,NA,NA,NA,NA,1,1,1,1,1,1,1,1,1,1,NA,NA,NA,NA,NA,NA,NA,NA,5,5,5,6,6,6,6,7,2,1,NA,NA,NA,NA,NA,NA,NA,NA,NA,NA,NA,NA,NA,NA,NA,NA,NA,NA,NA,NA,NA,NA,NA,NA,NA,NA,NA,NA,NA,NA,NA,NA,NA,NA,NA,NA,NA,NA
2,1,9,"220516_0843",1,"subjects",1,12,1,15.62,15.62,1,0.128713986,9,0.722793197,2,0.978859347,1,1,2,90,90,80,70,90,-1,10.18739554,10.77132084,20.09436213,30.91029344,10.52227428,-1,-1,"NULL",99999,10.18739554,10.18739554,10.18739554,10.18739554,"a participant of another experiment",0.202737098,"Deutsche Hauptstelle f¸r Suchtfragen e.V.",90,10,99999,99999,99999,260027,99999,99999,150,10,1,10,25,0,99999,99999,0,0,0,99999,99999,95,10,99999,99999,0,21,3,99999,55,9,99999,4,10,8,99999,10,8,2,99999,0,99999,500,99999,1,1,4,35,50,131,0,0,0,0,140,140,10,0.83,100,8.3,10,0.83,99999,99999,0,99999,1,1,1,1,1,1,1,1,NA,NA,NA,1,1,1,1,1,1,1,1,1,1,1,1,1,1,1,1,NA,NA,1,1,2,2,3,3,4,5,6,7,8,9,9,10,10,10,NA,NA,NA,NA,NA,NA,NA,NA,NA,NA,NA,NA,NA,NA,NA,NA,NA,NA,NA,NA,NA,NA,NA,NA,NA,NA,NA,NA,NA,NA,NA,NA,NA,NA,NA,NA,NA,NA
2,2,3,"220516_1031",1,"subjects",1,21,1,16.45,16.45,1,0.855002019,3,0.982849642,2,0.588431939,6,6,2,100,60,100,100,80,-1,0.221569655,40.88549147,0.548279527,0.292625331,20.37775137,-1,-1,"NULL",99999,0.221569655,0.221569655,0.221569655,0.221569655,"a participant of another experiment",0.419784491,"Stiftung Orgelklang",100,0,99999,99999,99999,260027,99999,99999,150,10,1,10,25,0,99999,99999,0,0,0,99999,99999,95,1,99999,99999,1,20,3,99999,35,6,99999,7,2,5,99999,9,4,7,99999,2,99999,250,99999,1,1,2,25,50,124,0,0,0,0,150,150,0,0,50,4.15,0,0,99999,99999,0,99999,1,1,1,1,1,NA,NA,NA,NA,NA,NA,NA,NA,NA,1,1,1,1,1,1,1,1,1,1,1,1,1,NA,NA,NA,NA,NA,1,2,2,1,1,1,1,1,1,1,1,1,1,NA,NA,NA,NA,NA,NA,NA,NA,NA,NA,NA,NA,NA,NA,NA,NA,NA,NA,NA,NA,NA,NA,NA,NA,NA,NA,NA,NA,NA,NA,NA,NA,NA,NA,NA,NA,NA,NA
2,3,9,"220516_1239",1,"subjects",1,14,1,15.039,15.039,1,0.349198303,9,0.718209118,2,0.760155812,3,3,2,50,30,60,50,30,-1,50.30264842,70.31863335,40.14914479,50.62744186,70.55931961,-1,-1,"NULL",99999,50.30264842,40.14914479,40.14914479,40.14914479,"Stiftung Orgelklang",0.96950173,"Adipositas Stiftung Deutschland",30,70,99999,99999,99999,260027,99999,99999,150,10,1,10,25,0,99999,99999,0,0,0,99999,99999,60,10,99999,99999,1,23,3,99999,40,7,99999,8,7,7,99999,10,6,8,99999,3,99999,200,99999,1,1,8,45,40,133,0,0,0,0,70,133,70,5.81,200,16.6,200,16.6,99999,99999,0,99999,1,1,1,1,1,1,NA,NA,NA,NA,NA,NA,1,1,1,1,1,1,1,1,1,1,1,1,1,1,1,NA,NA,NA,2,2,3,4,5,6,7,8,8,8,8,9,9,10,10,NA,NA,NA,NA,NA,NA,NA,NA,NA,NA,NA,NA,NA,NA,NA,NA,NA,NA,NA,NA,NA,NA,NA,NA,NA,NA,NA,NA,NA,NA,NA,NA,NA,NA,NA,NA,NA,NA
2,4,9,"220516_1422",1,"subjects",1,14,1,16.45,16.45,1,0.151998336,9,0.959110935,2,0.206951272,10,10,2,60,70,60,60,70,-1,40.37808559,30.0088759,40.13721392,40.05432714,30.88117556,-1,-1,"NULL",99999,30.0088759,30.0088759,30.0088759,30.0088759,"Deutsche Hauptstelle f¸r Suchtfragen e.V.",0.957246377,"Adipositas Stiftung Deutschland",70,30,99999,99999,99999,260027,99999,99999,150,10,1,10,25,0,99999,99999,0,0,0,99999,99999,95,9,99999,99999,1,28,2,99999,45,7,99999,3,2,1,99999,8,1,4,99999,2,99999,100,99999,1,1,7,60,50,150,0,0,0,0,120,150,30,2.49,175,14.525,175,14.525,99999,99999,0,99999,1,1,1,1,1,1,1,NA,NA,NA,NA,1,1,1,1,1,1,1,1,1,1,1,1,1,1,1,1,NA,NA,4,5,5,5,5,5,5,5,6,6,6,7,7,8,9,10,NA,NA,NA,NA,NA,NA,NA,NA,NA,NA,NA,NA,NA,NA,NA,NA,NA,NA,NA,NA,NA,NA,NA,NA,NA,NA,NA,NA,NA,NA,NA,NA,NA,NA,NA,NA,NA,NA
3,1,4,"220516_0843",1,"subjects",1,15,1,16.45,16.45,1,0.742181177,4,0.635057753,3,0.575339456,5,5,2,100,100,100,100,100,-1,0.861637202,0.140293706,0.431914523,0.975497189,0.99783812,-1,-1,"NULL",99999,0.140293706,0.140293706,0.140293706,0.140293706,"Deutsche Hauptstelle f¸r Suchtfragen e.V.",0.471088142,"Stiftung Orgelklang",100,0,99999,99999,99999,260027,99999,99999,150,10,1,10,25,0,99999,99999,0,0,0,99999,99999,95,4,99999,99999,1,20,3,99999,60,10,99999,8,1,7,99999,10,0,10,99999,4,99999,100,99999,1,1,3,20,50,118,0,0,0,0,150,150,0,0,75,6.225,0,0,99999,99999,0,99999,1,1,1,1,1,1,1,1,1,NA,NA,1,1,1,1,1,1,1,1,1,1,1,1,1,1,1,1,NA,NA,1,2,2,3,3,3,3,3,4,4,4,4,4,4,4,4,NA,NA,NA,NA,NA,NA,NA,NA,NA,NA,NA,NA,NA,NA,NA,NA,NA,NA,NA,NA,NA,NA,NA,NA,NA,NA,NA,NA,NA,NA,NA,NA,NA,NA,NA,NA,NA,NA
3,2,9,"220516_1031",1,"subjects",1,15,1,12.3,12.3,1,0.34935216,9,0.944520722,3,0.859968115,2,2,2,100,100,100,100,100,-1,0.517500958,0.769348491,0.368215764,0.269668836,0.765416583,-1,-1,"NULL",99999,0.517500958,0.368215764,0.269668836,0.269668836,"Rattenhilfe Nordwest e.V. ",0.8672231,"Adipositas Stiftung Deutschland",100,0,99999,99999,99999,260027,99999,99999,150,10,1,10,25,0,99999,99999,0,0,0,99999,99999,95,1,99999,99999,0,22,1,99999,30,5,99999,4,7,7,99999,10,4,4,99999,4,99999,0,99999,0,1,1,50,0,150,0,0,0,0,100,100,0,0,25,2.075,0,0,99999,99999,0,99999,1,NA,NA,NA,NA,NA,NA,NA,NA,NA,NA,NA,NA,NA,NA,NA,1,1,1,1,1,1,1,1,1,1,1,NA,NA,NA,NA,NA,NA,NA,1,1,1,1,1,1,1,1,1,1,1,NA,NA,NA,NA,NA,NA,NA,NA,NA,NA,NA,NA,NA,NA,NA,NA,NA,NA,NA,NA,NA,NA,NA,NA,NA,NA,NA,NA,NA,NA,NA,NA,NA,NA,NA,NA,NA,NA
3,3,11,"220516_1239",1,"subjects",1,18,1,13.628,13.628,1,0.102023569,11,0.699371398,3,0.453014921,7,7,2,70,90,100,90,90,-1,30.84086586,10.0037451,0.643981239,10.57580809,10.18780904,-1,-1,"NULL",99999,10.0037451,0.643981239,0.643981239,0.643981239,"Stiftung Orgelklang",0.301527987,"Deutsche Hauptstelle f¸r Suchtfragen e.V.",90,10,99999,99999,99999,260027,99999,99999,150,10,1,10,25,0,99999,99999,0,0,0,99999,99999,95,3,99999,99999,0,26,3,99999,65,8,99999,7,4,8,99999,9,1,6,99999,2,99999,150,99999,1,1,4,20,50,116,0,0,0,0,140,116,10,0.83,100,8.3,100,8.3,99999,99999,0,99999,1,1,1,1,1,1,1,NA,NA,NA,NA,NA,1,1,1,1,1,1,1,1,1,1,1,1,1,1,1,NA,NA,NA,2,3,4,4,5,5,5,6,6,7,7,8,9,10,10,NA,NA,NA,NA,NA,NA,NA,NA,NA,NA,NA,NA,NA,NA,NA,NA,NA,NA,NA,NA,NA,NA,NA,NA,NA,NA,NA,NA,NA,NA,NA,NA,NA,NA,NA,NA,NA,NA
3,4,2,"220516_1422",1,"subjects",1,22,1,16.118,16.118,1,0.534358301,2,0.82675256,3,0.35128868,8,8,2,100,100,100,100,100,-1,0.108847294,0.623692418,0.876279132,0.561250298,0.99908998,-1,-1,"NULL",99999,0.108847294,0.108847294,0.108847294,0.108847294,"a participant of another experiment",0.438025046,"Stiftung Orgelklang",100,0,99999,99999,99999,260027,99999,99999,150,10,1,10,25,0,99999,99999,0,0,0,99999,99999,95,1,99999,99999,1,22,3,99999,50,6,99999,3,6,2,99999,8,2,0,99999,1,99999,0,99999,0,1,4,50,0,146,0,0,0,0,100,146,0,0,100,8.3,100,8.3,99999,99999,0,99999,1,1,1,1,1,NA,NA,NA,NA,NA,NA,NA,NA,1,1,1,1,1,1,1,1,1,1,1,1,1,1,NA,NA,NA,NA,1,2,2,3,4,4,4,4,4,5,5,5,8,8,NA,NA,NA,NA,NA,NA,NA,NA,NA,NA,NA,NA,NA,NA,NA,NA,NA,NA,NA,NA,NA,NA,NA,NA,NA,NA,NA,NA,NA,NA,NA,NA,NA,NA,NA,NA,NA,NA
4,1,6,"220516_0843",1,"subjects",1,11,1,8.98,8.98,1,0.67603987,6,0.411259864,4,0.160184567,10,10,2,50,50,40,20,40,-1,50.86080748,50.10453935,60.32217169,80.79910783,60.95722643,-1,-1,"NULL",99999,50.10453935,50.10453935,50.10453935,50.10453935,"Deutsche Hauptstelle f¸r Suchtfragen e.V.",0.711545851,"Rattenhilfe Nordwest e.V. ",20,80,99999,99999,99999,260027,99999,99999,150,10,1,10,25,0,99999,99999,0,0,0,99999,99999,95,4,99999,99999,1,26,2,99999,60,10,99999,9,4,4,99999,10,1,2,99999,4,99999,100,99999,1,1,6,20,40,112,0,0,0,0,60,60,80,6.64,150,12.45,80,6.64,99999,99999,0,99999,1,1,1,1,1,1,NA,NA,NA,NA,NA,NA,NA,NA,1,1,1,1,1,1,1,1,1,1,1,1,1,NA,NA,NA,NA,NA,6,5,6,5,7,8,8,9,10,10,10,10,10,NA,NA,NA,NA,NA,NA,NA,NA,NA,NA,NA,NA,NA,NA,NA,NA,NA,NA,NA,NA,NA,NA,NA,NA,NA,NA,NA,NA,NA,NA,NA,NA,NA,NA,NA,NA,NA,NA
4,2,1,"220516_1031",1,"subjects",1,23,1,15.62,15.62,1,0.938397131,1,0.893417339,4,0.005389923,12,12,2,100,90,90,90,90,-1,0.779355,10.00252694,10.2354082,10.48040431,10.55006096,-1,-1,"NULL",99999,0.779355,0.779355,0.779355,0.779355,"a participant of another experiment",0.678792932,"Rattenhilfe Nordwest e.V. ",90,10,99999,99999,99999,260027,99999,99999,150,10,1,10,25,0,99999,99999,0,0,0,99999,99999,85,9,99999,99999,1,23,2,99999,35,6,99999,5,1,1,99999,7,0,3,99999,1,99999,50,99999,1,1,1,25,50,125,0,0,0,0,140,140,10,0.83,25,2.075,10,0.83,99999,99999,0,99999,1,1,1,1,1,1,1,1,1,NA,NA,1,1,1,1,1,1,1,1,1,1,1,1,1,1,1,1,NA,NA,1,1,1,1,1,1,1,4,5,6,6,7,7,8,9,1,NA,NA,NA,NA,NA,NA,NA,NA,NA,NA,NA,NA,NA,NA,NA,NA,NA,NA,NA,NA,NA,NA,NA,NA,NA,NA,NA,NA,NA,NA,NA,NA,NA,NA,NA,NA,NA,NA
4,3,5,"220516_1239",1,"subjects",1,13,1,12.715,12.715,1,0.638874268,5,0.568541913,4,0.650375533,6,6,2,100,100,100,100,100,-1,0.762463035,0.424892123,0.16989395,0.492529143,0.625225792,-1,-1,"NULL",99999,0.424892123,0.16989395,0.16989395,0.16989395,"Stiftung Orgelklang",0.00848214,"a participant of another experiment",100,0,99999,99999,99999,260027,99999,99999,150,10,1,10,25,0,99999,99999,0,0,0,99999,99999,60,10,99999,99999,0,27,3,99999,60,10,99999,7,1,0,99999,9,1,5,99999,2,99999,10,99999,1,0,0,5,50,105,0,0,0,0,150,105,0,0,0,0,0,0,99999,99999,0,99999,1,1,1,1,1,1,1,1,NA,NA,NA,NA,1,1,1,1,1,1,1,1,1,1,1,1,1,1,1,NA,NA,NA,1,2,3,4,5,6,7,7,7,7,8,8,9,10,10,NA,NA,NA,NA,NA,NA,NA,NA,NA,NA,NA,NA,NA,NA,NA,NA,NA,NA,NA,NA,NA,NA,NA,NA,NA,NA,NA,NA,NA,NA,NA,NA,NA,NA,NA,NA,NA,NA
4,4,10,"220516_1422",1,"subjects",1,17,1,12.715,12.715,1,0.116760755,10,0.7774879,4,0.789266601,1,1,2,100,100,100,100,100,-1,0.287267771,0.736717428,0.35324077,0.380592963,0.395189936,-1,-1,"NULL",99999,0.287267771,0.287267771,0.287267771,0.287267771,"a participant of another experiment",0.599659821,"Stiftung Orgelklang",100,0,99999,99999,99999,260027,99999,99999,150,10,1,10,25,0,99999,99999,0,0,0,99999,99999,95,10,99999,99999,1,35,3,99999,95,10,99999,10,7,8,99999,10,0,5,99999,1,99999,25,99999,0,0,0,35,0,105,0,0,0,0,100,105,0,0,0,0,0,0,99999,99999,0,99999,1,1,1,1,1,NA,NA,NA,NA,NA,NA,NA,NA,NA,NA,NA,NA,NA,1,1,1,1,1,1,1,1,1,NA,NA,NA,NA,NA,NA,NA,NA,NA,7,9,10,10,10,10,10,10,10,NA,NA,NA,NA,NA,NA,NA,NA,NA,NA,NA,NA,NA,NA,NA,NA,NA,NA,NA,NA,NA,NA,NA,NA,NA,NA,NA,NA,NA,NA,NA,NA,NA,NA,NA,NA,NA,NA
5,1,8,"220516_0843",1,"subjects",1,14,1,12.3,12.3,1,0.128802663,8,0.177748037,5,0.567365992,6,6,2,100,50,100,100,100,-1,0.14134703,50.50290715,0.554036088,0.472777741,0.421325214,-1,-1,"NULL",99999,0.14134703,0.14134703,0.14134703,0.14134703,"a participant of another experiment",0.757800201,"Rattenhilfe Nordwest e.V. ",100,0,99999,99999,99999,260027,99999,99999,150,10,1,10,25,0,99999,99999,0,0,0,99999,99999,95,1,99999,99999,1,25,3,99999,35,6,99999,5,5,5,99999,10,2,4,99999,2,99999,100,99999,0,0,0,40,0,105,0,0,0,0,100,100,0,0,0,0,0,0,99999,99999,0,99999,1,1,1,NA,NA,NA,NA,NA,NA,NA,NA,NA,NA,NA,NA,NA,NA,NA,NA,NA,NA,NA,1,1,1,1,1,NA,NA,NA,NA,NA,NA,NA,NA,NA,NA,NA,NA,NA,1,1,1,1,1,NA,NA,NA,NA,NA,NA,NA,NA,NA,NA,NA,NA,NA,NA,NA,NA,NA,NA,NA,NA,NA,NA,NA,NA,NA,NA,NA,NA,NA,NA,NA,NA,NA,NA,NA,NA,NA,NA
5,2,8,"220516_1031",1,"subjects",1,24,1,16.45,16.45,1,0.44517373,8,0.846731556,5,0.666167509,3,3,2,100,100,100,100,100,-1,0.929772961,0.793477042,0.697484469,0.65889784,0.888077821,-1,-1,"NULL",99999,0.793477042,0.697484469,0.65889784,0.65889784,"Rattenhilfe Nordwest e.V. ",0.998130914,"Adipositas Stiftung Deutschland",100,0,99999,99999,99999,260027,99999,99999,150,10,1,10,25,0,99999,99999,0,0,0,99999,99999,95,1,99999,99999,0,22,2,99999,35,5,99999,4,2,2,99999,5,2,5,99999,4,99999,0,99999,1,0,0,25,50,105,0,0,0,0,150,150,0,0,0,0,0,0,99999,99999,0,99999,1,1,1,1,1,1,NA,NA,NA,NA,NA,NA,NA,NA,NA,NA,NA,1,1,1,1,1,1,1,1,1,1,NA,NA,NA,NA,NA,NA,NA,NA,5,5,5,5,5,5,5,5,5,5,NA,NA,NA,NA,NA,NA,NA,NA,NA,NA,NA,NA,NA,NA,NA,NA,NA,NA,NA,NA,NA,NA,NA,NA,NA,NA,NA,NA,NA,NA,NA,NA,NA,NA,NA,NA,NA,NA
5,3,4,"220516_1239",1,"subjects",1,16,1,12.715,12.715,1,0.688607076,4,0.336171079,5,0.895530756,1,1,2,50,50,80,100,70,-1,50.38430794,50.40761492,20.26509281,0.202137123,30.74218626,-1,-1,"NULL",99999,50.38430794,20.26509281,0.202137123,0.202137123,"Rattenhilfe Nordwest e.V. ",0.7694608,"Rattenhilfe Nordwest e.V. ",100,0,99999,99999,99999,260027,99999,99999,150,10,1,10,25,0,99999,99999,0,0,0,99999,99999,60,10,99999,99999,1,23,3,99999,60,10,99999,10,8,8,99999,10,2,8,99999,2,99999,100,99999,0,1,1,5,0,105,0,0,0,0,100,105,0,0,25,2.075,25,2.075,99999,99999,0,99999,NA,NA,NA,NA,1,NA,NA,NA,1,NA,NA,1,1,1,1,1,1,1,1,1,1,1,1,1,1,1,1,NA,NA,1,1,1,1,1,1,1,1,1,1,1,10,10,10,10,10,NA,NA,NA,NA,NA,NA,NA,NA,NA,NA,NA,NA,NA,NA,NA,NA,NA,NA,NA,NA,NA,NA,NA,NA,NA,NA,NA,NA,NA,NA,NA,NA,NA,NA,NA,NA,NA,NA
5,4,3,"220516_1422",1,"subjects",1,24,1,13.711,13.711,1,0.302650244,3,0.721025416,5,0.71487461,2,2,2,100,90,100,80,90,-1,0.897802366,10.62233734,0.86553662,20.35146886,10.933752,-1,-1,"NULL",99999,0.897802366,0.86553662,0.86553662,0.86553662,"Stiftung Orgelklang",0.886953902,"Adipositas Stiftung Deutschland",90,10,99999,99999,99999,260027,99999,99999,150,10,1,10,25,0,99999,99999,0,0,0,99999,99999,95,1,99999,99999,0,29,3,99999,30,6,99999,8,3,6,99999,7,2,7,99999,2,99999,300,99999,1,1,10,35,40,117,0,0,0,0,130,117,10,0.83,250,20.75,250,20.75,99999,99999,0,99999,1,1,1,1,1,1,1,1,1,NA,NA,NA,1,1,1,1,1,1,1,1,1,1,1,1,1,1,1,NA,NA,NA,1,6,8,10,10,10,10,10,10,10,10,10,10,10,10,NA,NA,NA,NA,NA,NA,NA,NA,NA,NA,NA,NA,NA,NA,NA,NA,NA,NA,NA,NA,NA,NA,NA,NA,NA,NA,NA,NA,NA,NA,NA,NA,NA,NA,NA,NA,NA,NA
6,1,1,"220516_0843",1,"subjects",1,18,1,16.45,16.45,1,0.897442422,1,0.150618209,6,0.50433882,7,7,2,100,100,100,100,100,-1,0.720230018,0.6693691,0.614248094,0.184354773,0.974438293,-1,-1,"NULL",99999,0.6693691,0.614248094,0.184354773,0.184354773,"Rattenhilfe Nordwest e.V. ",0.160791322,"a participant of another experiment",100,0,99999,99999,99999,260027,99999,99999,150,10,1,10,25,0,99999,99999,0,0,0,99999,99999,95,1,99999,99999,0,30,3,99999,40,7,99999,8,9,9,99999,10,2,0,99999,6,99999,100,99999,1,1,1,50,50,150,0,0,0,0,150,150,0,0,25,2.075,0,0,99999,99999,0,99999,1,1,1,1,1,NA,NA,NA,NA,NA,NA,NA,NA,NA,NA,NA,NA,NA,1,1,1,1,1,1,1,1,1,NA,NA,NA,NA,NA,NA,NA,NA,NA,1,1,1,1,1,1,1,1,1,NA,NA,NA,NA,NA,NA,NA,NA,NA,NA,NA,NA,NA,NA,NA,NA,NA,NA,NA,NA,NA,NA,NA,NA,NA,NA,NA,NA,NA,NA,NA,NA,NA,NA,NA,NA,NA,NA
6,2,4,"220516_1031",1,"subjects",1,19,1,16.45,16.45,1,0.853769012,4,0.753935796,6,0.883117139,1,1,2,100,100,90,80,100,-1,0.646271406,0.251323961,10.87679249,20.68028285,0.970919754,-1,-1,"NULL",99999,0.251323961,0.251323961,0.251323961,0.251323961,"Deutsche Hauptstelle f¸r Suchtfragen e.V.",0.017633216,"a participant of another experiment",100,0,99999,99999,99999,260027,99999,99999,150,10,1,10,25,0,99999,99999,0,0,0,99999,99999,95,10,99999,99999,1,26,3,99999,65,10,99999,5,8,5,99999,10,8,3,99999,5,99999,100,99999,1,1,7,65,50,155,0,0,0,0,150,150,0,0,175,14.525,0,0,99999,99999,0,99999,1,1,1,1,1,NA,NA,NA,NA,NA,NA,1,1,1,1,1,1,1,1,1,1,1,1,1,1,1,1,NA,NA,1,1,1,1,1,3,3,3,3,5,5,5,7,8,9,10,NA,NA,NA,NA,NA,NA,NA,NA,NA,NA,NA,NA,NA,NA,NA,NA,NA,NA,NA,NA,NA,NA,NA,NA,NA,NA,NA,NA,NA,NA,NA,NA,NA,NA,NA,NA,NA,NA
6,3,3,"220516_1239",1,"subjects",1,20,1,12.715,12.715,1,0.742948073,3,0.315518625,6,0.356543284,9,9,2,90,100,100,10,100,-1,10.37507729,0.478910425,0.943209933,90.20400298,0.62484948,-1,-1,"NULL",99999,0.478910425,0.478910425,0.478910425,0.478910425,"Deutsche Hauptstelle f¸r Suchtfragen e.V.",0.506565343,"Stiftung Orgelklang",100,0,99999,99999,99999,260027,99999,99999,150,10,1,10,25,0,99999,99999,0,0,0,99999,99999,95,9,99999,99999,1,33,1,99999,95,9,99999,9,1,9,99999,10,0,2,99999,5,99999,200,99999,1,0,0,3,40,105,0,0,0,0,140,105,0,0,0,0,0,0,99999,99999,0,99999,1,1,1,1,1,1,NA,NA,NA,NA,NA,NA,NA,NA,NA,NA,1,1,1,1,1,1,1,1,1,1,1,NA,NA,NA,NA,NA,NA,NA,3,4,4,4,5,6,8,9,9,10,10,NA,NA,NA,NA,NA,NA,NA,NA,NA,NA,NA,NA,NA,NA,NA,NA,NA,NA,NA,NA,NA,NA,NA,NA,NA,NA,NA,NA,NA,NA,NA,NA,NA,NA,NA,NA,NA,NA
6,4,11,"220516_1422",1,"subjects",1,23,1,14.541,14.541,1,0.014936356,11,0.710311425,6,0.143940439,12,12,2,100,70,80,90,90,-1,0.954087803,30.15658806,20.90617058,10.99663708,10.35680264,-1,-1,"NULL",99999,0.954087803,0.954087803,0.954087803,0.954087803,"a participant of another experiment",0.998210145,"Adipositas Stiftung Deutschland",90,10,99999,99999,99999,260027,99999,99999,150,10,1,10,25,0,99999,99999,0,0,0,99999,99999,95,10,99999,99999,1,29,3,99999,60,10,99999,7,7,6,99999,8,5,6,99999,3,99999,100,99999,1,1,6,35,30,127,0,0,0,0,120,127,10,0.83,150,12.45,150,12.45,99999,99999,0,99999,1,1,1,1,1,1,1,NA,NA,NA,NA,NA,1,1,1,1,1,1,1,1,1,1,1,1,1,1,1,NA,NA,NA,1,2,3,4,5,6,7,7,8,9,10,10,10,10,10,NA,NA,NA,NA,NA,NA,NA,NA,NA,NA,NA,NA,NA,NA,NA,NA,NA,NA,NA,NA,NA,NA,NA,NA,NA,NA,NA,NA,NA,NA,NA,NA,NA,NA,NA,NA,NA,NA
7,1,2,"220516_0843",1,"subjects",1,20,1,14.79,14.79,1,0.880213136,2,0.048721851,7,0.411344007,9,9,2,100,90,90,90,90,-1,0.257685178,10.27483693,10.16825576,10.61952948,10.85706764,-1,-1,"NULL",99999,0.257685178,0.257685178,0.257685178,0.257685178,"a participant of another experiment",0.556433043,"Stiftung Orgelklang",90,10,99999,99999,99999,260027,99999,99999,150,10,1,10,25,0,99999,99999,0,0,0,99999,99999,1,10,99999,99999,1,26,3,99999,40,7,99999,2,8,8,99999,9,7,2,99999,1,99999,15,99999,1,1,10,45,40,127,0,0,0,0,130,130,10,0.83,250,20.75,10,0.83,99999,99999,0,99999,1,1,1,1,1,1,1,NA,NA,1,1,1,1,1,1,1,1,1,1,1,1,1,1,1,1,1,NA,10,10,10,10,10,10,10,10,10,10,10,10,10,10,7,7,7,NA,NA,NA,NA,NA,NA,NA,NA,NA,NA,NA,NA,NA,NA,NA,NA,NA,NA,NA,NA,NA,NA,NA,NA,NA,NA,NA,NA,NA,NA,NA,NA,NA,NA,NA,NA,NA,NA,NA
7,2,12,"220516_1031",1,"subjects",1,20,1,12.3,12.3,1,0.018925863,12,0.727909969,7,0.602347445,5,5,2,100,80,100,100,100,-1,0.550558765,20.52229559,0.394798989,0.481147275,0.896659589,-1,-1,"NULL",99999,0.550558765,0.394798989,0.394798989,0.394798989,"Stiftung Orgelklang",0.853656046,"Adipositas Stiftung Deutschland",100,0,99999,99999,99999,260027,99999,99999,150,10,1,10,25,0,99999,99999,0,0,0,99999,99999,85,5,99999,99999,1,29,1,99999,40,7,99999,7,0,0,99999,10,0,6,99999,4,99999,40,99999,0,1,1,15,0,115,0,0,0,0,100,100,0,0,25,2.075,0,0,99999,99999,0,99999,1,1,1,1,1,1,NA,NA,NA,NA,NA,1,1,1,1,1,1,1,1,1,1,1,1,1,1,1,1,NA,NA,1,1,1,1,3,3,3,4,4,4,5,5,5,5,5,6,NA,NA,NA,NA,NA,NA,NA,NA,NA,NA,NA,NA,NA,NA,NA,NA,NA,NA,NA,NA,NA,NA,NA,NA,NA,NA,NA,NA,NA,NA,NA,NA,NA,NA,NA,NA,NA,NA
7,3,1,"220516_1239",1,"subjects",1,17,1,16.035,16.035,1,0.986401562,1,0.301795157,7,0.422967632,8,8,2,90,90,90,90,90,-1,10.10814629,10.68386597,10.67647332,10.52108372,10.75252585,-1,-1,"NULL",99999,10.10814629,10.10814629,10.10814629,10.10814629,"a participant of another experiment",0.950236654,"Adipositas Stiftung Deutschland",90,10,99999,99999,99999,260027,99999,99999,150,10,1,10,25,0,99999,99999,0,0,0,99999,99999,75,8,99999,99999,1,25,3,99999,65,10,99999,8,6,7,99999,8,3,7,99999,2,99999,50,99999,1,1,1,45,40,145,0,0,0,0,130,145,10,0.83,25,2.075,25,2.075,99999,99999,0,99999,1,1,1,1,1,1,1,1,1,NA,NA,1,1,1,1,1,1,1,1,1,1,1,1,1,1,1,1,NA,NA,1,1,1,1,1,1,1,1,1,1,1,1,1,1,1,1,NA,NA,NA,NA,NA,NA,NA,NA,NA,NA,NA,NA,NA,NA,NA,NA,NA,NA,NA,NA,NA,NA,NA,NA,NA,NA,NA,NA,NA,NA,NA,NA,NA,NA,NA,NA,NA,NA
7,4,4,"220516_1422",1,"subjects",1,19,1,15.786,15.786,1,0.298833748,4,0.565382326,7,0.66610529,3,3,2,80,70,100,100,90,-1,20.39647116,30.79535613,0.183327382,0.203756975,10.84041418,-1,-1,"NULL",99999,20.39647116,0.183327382,0.183327382,0.183327382,"Stiftung Orgelklang",0.085750535,"a participant of another experiment",80,20,99999,99999,99999,260027,99999,99999,150,10,1,10,25,0,99999,99999,0,0,0,99999,99999,95,1,99999,99999,0,35,3,99999,20,4,99999,10,1,0,99999,8,0,8,99999,0,99999,0,99999,1,1,6,50,50,142,0,0,0,0,130,142,20,1.66,150,12.45,150,12.45,99999,99999,0,99999,1,1,1,1,1,1,NA,NA,NA,NA,NA,NA,NA,NA,1,1,1,1,1,1,1,1,1,1,1,1,1,NA,NA,NA,NA,NA,6,6,6,6,6,6,6,6,6,6,6,6,6,NA,NA,NA,NA,NA,NA,NA,NA,NA,NA,NA,NA,NA,NA,NA,NA,NA,NA,NA,NA,NA,NA,NA,NA,NA,NA,NA,NA,NA,NA,NA,NA,NA,NA,NA,NA,NA,NA
8,1,10,"220516_0843",1,"subjects",1,13,1,14.79,14.79,1,0.015700614,10,0.044529494,8,0.768765005,3,3,2,80,80,100,90,80,-1,20.07459397,20.30176491,0.591273195,10.60183618,20.36036844,-1,-1,"NULL",99999,20.07459397,0.591273195,0.591273195,0.591273195,"Stiftung Orgelklang",0.308411441,"Deutsche Hauptstelle f¸r Suchtfragen e.V.",80,20,99999,99999,99999,260027,99999,99999,150,10,1,10,25,0,99999,99999,0,0,0,99999,99999,40,7,99999,99999,1,22,3,99999,40,7,99999,6,2,3,99999,10,1,4,99999,2,99999,50,99999,1,1,9,85,50,170,0,0,0,0,130,130,20,1.66,225,18.675,20,1.66,99999,99999,0,99999,1,1,1,1,1,1,1,1,1,NA,NA,NA,1,1,1,1,1,1,1,1,1,1,1,1,1,1,1,NA,NA,NA,3,3,4,4,5,5,5,6,6,7,7,8,9,9,10,NA,NA,NA,NA,NA,NA,NA,NA,NA,NA,NA,NA,NA,NA,NA,NA,NA,NA,NA,NA,NA,NA,NA,NA,NA,NA,NA,NA,NA,NA,NA,NA,NA,NA,NA,NA,NA,NA
8,2,10,"220516_1031",1,"subjects",1,18,1,15.62,15.62,1,0.29452066,10,0.648880886,8,0.437095833,9,9,2,70,90,90,100,100,-1,30.76600821,10.25184032,10.19802772,0.888309274,0.415327823,-1,-1,"NULL",99999,10.25184032,10.19802772,0.888309274,0.415327823,"Adipositas Stiftung Deutschland",0.797637026,"Rattenhilfe Nordwest e.V. ",100,0,99999,99999,99999,260027,99999,99999,150,10,1,10,25,0,99999,99999,0,0,0,99999,99999,95,1,99999,99999,0,19,2,99999,95,10,99999,3,2,6,99999,9,5,3,99999,4,99999,50,99999,1,1,4,30,40,126,0,0,0,0,140,140,0,0,100,8.3,0,0,99999,99999,0,99999,1,1,1,1,1,1,1,1,1,1,1,1,1,1,1,1,1,NA,1,NA,1,1,1,1,1,1,1,1,1,1,1,1,2,3,4,NA,5,NA,6,9,10,10,10,10,10,NA,NA,NA,NA,NA,NA,NA,NA,NA,NA,NA,NA,NA,NA,NA,NA,NA,NA,NA,NA,NA,NA,NA,NA,NA,NA,NA,NA,NA,NA,NA,NA,NA,NA,NA,NA,NA,NA
8,3,7,"220516_1239",1,"subjects",1,19,1,15.039,15.039,1,0.46820027,7,0.148885317,8,0.852093464,2,2,2,100,100,100,100,100,-1,0.701970187,0.604230779,0.476832306,0.426780242,0.345070758,-1,-1,"NULL",99999,0.604230779,0.476832306,0.426780242,0.345070758,"Adipositas Stiftung Deutschland",0.550519177,"Stiftung Orgelklang",100,0,99999,99999,99999,260027,99999,99999,150,10,1,10,25,0,99999,99999,0,0,0,99999,99999,95,1,99999,99999,0,24,2,99999,95,1,99999,0,6,10,99999,10,5,2,99999,6,99999,0,99999,0,1,3,35,0,133,0,0,0,0,100,133,0,0,75,6.225,75,6.225,99999,99999,0,99999,1,1,1,1,NA,NA,NA,NA,1,NA,NA,NA,NA,NA,1,1,1,1,1,1,1,1,1,1,1,1,1,NA,NA,NA,NA,NA,1,2,3,3,3,4,5,5,6,7,8,9,10,NA,NA,NA,NA,NA,NA,NA,NA,NA,NA,NA,NA,NA,NA,NA,NA,NA,NA,NA,NA,NA,NA,NA,NA,NA,NA,NA,NA,NA,NA,NA,NA,NA,NA,NA,NA,NA,NA
8,4,6,"220516_1422",1,"subjects",1,20,1,16.616,16.616,1,0.258397231,6,0.563617601,8,0.526696217,5,5,2,100,90,100,90,90,-1,0.829379682,10.31664696,0.968413929,10.98038145,10.11412998,-1,-1,"NULL",99999,0.829379682,0.829379682,0.829379682,0.829379682,"a participant of another experiment",0.961004583,"Adipositas Stiftung Deutschland",90,10,99999,99999,99999,260027,99999,99999,150,10,1,10,25,0,99999,99999,0,0,0,99999,99999,95,5,99999,99999,1,22,3,99999,95,10,99999,2,4,6,99999,10,1,1,99999,4,99999,200,99999,1,1,6,60,50,152,0,0,0,0,140,152,10,0.83,150,12.45,150,12.45,99999,99999,0,99999,1,1,1,1,1,1,1,1,1,NA,NA,NA,NA,NA,NA,1,1,1,1,1,1,1,1,1,1,1,1,NA,NA,NA,NA,NA,NA,5,5,5,5,5,5,5,6,7,8,9,10,NA,NA,NA,NA,NA,NA,NA,NA,NA,NA,NA,NA,NA,NA,NA,NA,NA,NA,NA,NA,NA,NA,NA,NA,NA,NA,NA,NA,NA,NA,NA,NA,NA,NA,NA,NA,NA,NA
9,1,3,"220516_0843",1,"subjects",1,17,1,14.79,14.79,1,0.752122239,3,0.024774989,9,0.770603012,2,2,2,70,80,100,100,90,-1,30.83662411,20.91478016,0.106267292,0.890170696,10.37760157,-1,-1,"NULL",99999,20.91478016,0.106267292,0.106267292,0.106267292,"Stiftung Orgelklang",0.871234578,"Adipositas Stiftung Deutschland",90,10,99999,99999,99999,260027,99999,99999,150,10,1,10,25,0,99999,99999,0,0,0,99999,99999,75,6,99999,99999,0,39,3,99999,40,4,99999,8,1,1,99999,8,8,6,99999,3,99999,100,99999,1,1,3,40,40,138,0,0,0,0,130,130,10,0.83,75,6.225,10,0.83,99999,99999,0,99999,1,1,1,1,1,1,1,NA,NA,NA,NA,NA,1,1,1,1,1,1,1,1,1,1,1,1,1,1,1,NA,NA,NA,1,1,2,2,3,3,3,4,5,5,6,7,8,9,10,NA,NA,NA,NA,NA,NA,NA,NA,NA,NA,NA,NA,NA,NA,NA,NA,NA,NA,NA,NA,NA,NA,NA,NA,NA,NA,NA,NA,NA,NA,NA,NA,NA,NA,NA,NA,NA,NA
9,2,2,"220516_1031",1,"subjects",1,22,1,16.45,16.45,1,0.88749062,2,0.468778844,9,0.262342055,11,11,2,100,100,100,100,100,-1,0.724969378,0.722845469,0.221915191,0.378233529,0.414713048,-1,-1,"NULL",99999,0.722845469,0.221915191,0.221915191,0.221915191,"Stiftung Orgelklang",0.595944135,"Stiftung Orgelklang",100,0,99999,99999,99999,260027,99999,99999,150,10,1,10,25,0,99999,99999,0,0,0,99999,99999,30,3,99999,99999,0,28,3,99999,30,3,99999,0,0,7,99999,7,0,5,99999,6,99999,0,99999,1,0,0,20,50,105,0,0,0,0,150,150,0,0,0,0,0,0,99999,99999,0,99999,NA,NA,NA,NA,1,NA,NA,NA,NA,NA,NA,NA,NA,NA,NA,NA,1,NA,NA,NA,NA,NA,NA,NA,NA,NA,NA,NA,NA,NA,NA,NA,NA,NA,3,NA,NA,NA,NA,NA,NA,NA,NA,NA,NA,NA,NA,NA,NA,NA,NA,NA,NA,NA,NA,NA,NA,NA,NA,NA,NA,NA,NA,NA,NA,NA,NA,NA,NA,NA,NA,NA,NA,NA,NA,NA,NA,NA,NA,NA,NA,NA,NA
9,3,8,"220516_1239",1,"subjects",1,15,1,16.45,16.45,1,0.361344609,8,0.145755198,9,0.693392759,5,5,2,10,10,10,10,10,-1,90.32853304,90.81301259,90.08936799,90.61463139,90.22238926,-1,-1,"NULL",99999,90.32853304,90.08936799,90.08936799,90.08936799,"Stiftung Orgelklang",0.802065623,"Adipositas Stiftung Deutschland",10,90,99999,99999,99999,260027,99999,99999,150,10,1,10,25,0,99999,99999,0,0,0,99999,99999,95,1,99999,99999,0,20,1,99999,45,5,99999,1,7,4,99999,10,3,0,99999,4,99999,0,99999,1,1,1,50,40,150,0,0,0,0,50,150,90,7.47,25,2.075,25,2.075,99999,99999,0,99999,1,1,1,1,1,1,1,1,NA,NA,NA,NA,1,1,1,1,1,1,1,1,1,1,1,1,1,1,1,NA,NA,NA,1,1,1,1,1,1,1,1,1,1,1,1,1,1,1,NA,NA,NA,NA,NA,NA,NA,NA,NA,NA,NA,NA,NA,NA,NA,NA,NA,NA,NA,NA,NA,NA,NA,NA,NA,NA,NA,NA,NA,NA,NA,NA,NA,NA,NA,NA,NA,NA
9,4,12,"220516_1422",1,"subjects",1,15,1,14.79,14.79,1,0.005764752,12,0.475620983,9,0.543472762,4,4,2,70,60,70,60,60,-1,30.62876711,40.35369919,30.46858177,40.98119714,40.96798187,-1,-1,"NULL",99999,30.62876711,30.46858177,30.46858177,30.46858177,"Stiftung Orgelklang",0.03423727,"a participant of another experiment",70,30,99999,99999,99999,260027,99999,99999,150,10,1,10,25,0,99999,99999,0,0,0,99999,99999,85,9,99999,99999,1,29,3,99999,45,5,99999,6,7,3,99999,10,2,5,99999,5,99999,500,99999,1,1,7,40,40,130,0,0,0,0,110,130,30,2.49,175,14.525,175,14.525,99999,99999,0,99999,NA,1,1,1,1,1,1,NA,NA,NA,NA,NA,1,1,1,1,1,1,1,1,1,1,1,1,1,1,1,NA,NA,NA,4,5,6,6,6,6,7,7,6,7,7,8,8,9,9,NA,NA,NA,NA,NA,NA,NA,NA,NA,NA,NA,NA,NA,NA,NA,NA,NA,NA,NA,NA,NA,NA,NA,NA,NA,NA,NA,NA,NA,NA,NA,NA,NA,NA,NA,NA,NA,NA
1,1,1,"220516_0843",1,"subjects",1,1,1,16.45,16.45,1,0.450940201,6,0.221985592,4,0.725280319,3,1,1,-1,-1,-1,-1,-1,100,-1,-1,-1,-1,-1,0,-1,"NULL",99999,0,0,0,0,"Stiftung Orgelklang",0,"a participant of another experiment",100,0,99999,0,99999,260027,99999,99999,150,10,1,10,25,0,99999,99999,99999,99999,10,0,0,0,0,0,99999,1,30,1,99999,30,5,99999,1,8,8,99999,10,8,4,99999,5,99999,100,99999,1,1,1,10,50,102,0,0,1,3,150,150,0,0,25,2.075,0,0,99999,0,99999,99999,NA,NA,NA,NA,NA,NA,NA,NA,NA,NA,NA,NA,NA,NA,NA,NA,NA,NA,NA,NA,NA,NA,NA,NA,NA,NA,NA,NA,NA,NA,NA,NA,NA,NA,NA,NA,NA,NA,NA,NA,NA,NA,NA,NA,NA,50,10,NA,NA,NA,1,1,1,1,1,1,1,1,1,1,1,1,1,1,1,NA,NA,NA,1,1,1,1,1,1,1,1,1,1,1,1,1,1,1
1,2,1,"220516_1031",1,"subjects",1,1,1,16.45,16.45,1,0.099973983,10,0.960252068,2,0.861731481,1,1,1,-1,-1,-1,-1,-1,100,-1,-1,-1,-1,-1,0,-1,"NULL",99999,0,0,0,0,"a participant of another experiment",0,"Deutsche Hauptstelle f¸r Suchtfragen e.V.",100,0,99999,0,99999,260027,99999,99999,150,10,1,10,25,0,99999,99999,99999,99999,40,0,0,0,0,0,99999,1,25,3,99999,40,7,99999,5,9,8,99999,5,9,7,99999,0,99999,0,99999,1,1,8,40,50,141,40,0,2,0,150,150,0,0,200,16.6,0,0,99999,0,99999,99999,NA,NA,NA,NA,NA,NA,NA,NA,NA,NA,NA,NA,NA,NA,NA,NA,NA,NA,NA,NA,NA,NA,NA,NA,NA,NA,NA,NA,NA,NA,NA,NA,NA,NA,NA,NA,NA,NA,NA,NA,NA,NA,NA,NA,NA,50,40,NA,NA,NA,NA,NA,NA,NA,1,1,1,1,1,1,1,1,1,1,1,NA,NA,NA,NA,NA,NA,NA,5,5,7,8,8,8,8,8,8,9,10
1,3,1,"220516_1239",1,"subjects",1,1,1,15.1635,15.1635,1,0.499979269,6,0.710131727,2,0.22042562,10,1,1,-1,-1,-1,-1,-1,80,-1,-1,-1,-1,-1,20,-1,"NULL",99999,0,0,0,0,"Adipositas Stiftung Deutschland",0,"Rattenhilfe Nordwest e.V. ",80,20,99999,0,99999,260027,99999,99999,150,10,1,10,25,0,99999,99999,99999,99999,60,0,0,0,0,0,99999,0,22,1,99999,60,9,99999,5,6,8,99999,8,7,0,99999,0,99999,0,99999,1,1,9,60,60,134.5,30,0,3,6,140,134.5,20,1.66,225,18.675,225,18.675,99999,0,99999,99999,NA,NA,NA,NA,NA,NA,NA,NA,NA,NA,NA,NA,NA,NA,NA,NA,NA,NA,NA,NA,NA,NA,NA,NA,NA,NA,NA,NA,NA,NA,NA,NA,NA,NA,NA,NA,NA,NA,NA,NA,NA,NA,NA,NA,NA,60,60,NA,NA,NA,NA,NA,NA,1,1,1,1,1,1,1,1,1,1,1,1,NA,NA,NA,NA,NA,NA,4,5,4,7,7,7,8,7,7,8,10,10
1,4,1,"220516_1422",1,"subjects",1,1,1,9.146,9.146,1,0.716097886,0,0.837802582,2,0.20437537,10,1,1,-1,-1,-1,-1,-1,30,-1,-1,-1,-1,-1,70,-1,"NULL",99999,0,0,0,0,"a participant of another experiment",0,"a participant of another experiment",30,70,99999,0,99999,260027,99999,99999,150,10,1,10,25,0,99999,99999,99999,99999,50,0,0,0,0,0,99999,0,37,2,99999,50,7,99999,10,3,8,99999,8,1,6,99999,6,99999,350,99999,1,1,1,50,50,62,-40,0,1,3,80,62,70,5.81,25,2.075,25,2.075,99999,0,99999,99999,NA,NA,NA,NA,NA,NA,NA,NA,NA,NA,NA,NA,NA,NA,NA,NA,NA,NA,NA,NA,NA,NA,NA,NA,NA,NA,NA,NA,NA,NA,NA,NA,NA,NA,NA,NA,NA,NA,NA,NA,NA,NA,NA,NA,NA,50,50,NA,NA,NA,1,1,1,1,1,1,1,1,1,1,1,1,1,1,1,NA,NA,NA,1,2,2,3,4,4,5,6,6,7,8,8,8,9,10
10,1,10,"220516_0843",1,"subjects",1,10,1,16.45,16.45,1,0.141700118,7,0.629359254,3,0.259401897,9,10,1,-1,-1,-1,-1,-1,100,-1,-1,-1,-1,-1,0,-1,"NULL",99999,0,0,0,0,"Rattenhilfe Nordwest e.V. ",0,"Deutsche Hauptstelle f¸r Suchtfragen e.V.",100,0,99999,0,99999,260027,99999,99999,150,10,1,10,25,0,99999,99999,99999,99999,95,0,0,0,0,0,99999,0,21,3,99999,75,9,99999,7,2,8,99999,7,2,4,99999,1,99999,0,99999,1,0,0,1,50,101.5,-15,0,0,3,150,150,0,0,0,0,0,0,99999,0,99999,99999,NA,NA,NA,NA,NA,NA,NA,NA,NA,NA,NA,NA,NA,NA,NA,NA,NA,NA,NA,NA,NA,NA,NA,NA,NA,NA,NA,NA,NA,NA,NA,NA,NA,NA,NA,NA,NA,NA,NA,NA,NA,NA,NA,NA,NA,50,1,NA,NA,NA,1,1,1,1,1,1,1,1,1,1,1,1,1,1,1,NA,NA,NA,1,1,2,2,3,3,4,4,5,5,6,6,7,8,10
10,2,10,"220516_1031",1,"subjects",1,10,1,16.45,16.45,1,0.765594654,4,0.915785718,3,0.775603664,2,10,1,-1,-1,-1,-1,-1,90,-1,-1,-1,-1,-1,10,-1,"NULL",99999,0,0,0,0,"Stiftung Orgelklang",0,"a participant of another experiment",90,10,99999,0,99999,260027,99999,99999,150,10,1,10,25,0,99999,99999,99999,99999,1,0,0,0,0,0,99999,0,29,2,99999,60,10,99999,5,4,8,99999,8,5,0,99999,4,99999,50,99999,1,1,4,25,60,115,19,0,0,0,150,150,10,0.83,100,8.3,10,0.83,99999,0,99999,99999,NA,NA,NA,NA,NA,NA,NA,NA,NA,NA,NA,NA,NA,NA,NA,NA,NA,NA,NA,NA,NA,NA,NA,NA,NA,NA,NA,NA,NA,NA,NA,NA,NA,NA,NA,NA,NA,NA,NA,NA,NA,NA,NA,NA,NA,60,25,NA,NA,NA,NA,1,1,1,1,1,1,1,1,1,1,1,1,1,1,NA,NA,NA,NA,1,1,1,1,1,1,1,1,1,1,1,1,1,1
10,3,10,"220516_1239",1,"subjects",1,10,1,12.383,12.383,1,0.598419639,6,0.132008873,10,0.994092321,0,10,1,-1,-1,-1,-1,-1,70,-1,-1,-1,-1,-1,30,-1,"NULL",99999,0,0,0,0,"Deutsche Hauptstelle f¸r Suchtfragen e.V.",0,"Stiftung Orgelklang",70,30,99999,0,99999,260027,99999,99999,150,10,1,10,25,0,99999,99999,99999,99999,10,0,0,0,0,0,99999,1,29,3,99999,5,1,99999,8,1,1,99999,9,1,1,99999,2,99999,100,99999,0,0,0,5,0,101,10,0,0,2,70,101,30,2.49,0,0,0,0,99999,0,99999,99999,NA,NA,NA,NA,NA,NA,NA,NA,NA,NA,NA,NA,NA,NA,NA,NA,NA,NA,NA,NA,NA,NA,NA,NA,NA,NA,NA,NA,NA,NA,NA,NA,NA,NA,NA,NA,NA,NA,NA,NA,NA,NA,NA,NA,NA,50,5,NA,NA,1,1,1,1,1,1,1,1,1,1,1,1,1,1,1,1,NA,NA,1,1,1,1,1,1,1,1,1,1,1,1,1,1,1,1
10,4,10,"220516_1422",1,"subjects",1,10,1,13.2545,13.2545,1,0.888421127,0,0.677961865,6,0.641695033,3,10,1,-1,-1,-1,-1,-1,100,-1,-1,-1,-1,-1,0,-1,"NULL",99999,0,0,0,0,"Adipositas Stiftung Deutschland",0,"Deutsche Hauptstelle f¸r Suchtfragen e.V.",100,0,99999,0,99999,260027,99999,99999,150,10,1,10,25,0,99999,99999,99999,99999,20,0,0,0,0,0,99999,0,23,2,99999,55,9,99999,3,6,4,99999,8,7,1,99999,0,99999,50,99999,0,1,3,20,0,111.5,10,0,0,3,100,111.5,0,0,75,6.225,75,6.225,99999,0,99999,99999,NA,NA,NA,NA,NA,NA,NA,NA,NA,NA,NA,NA,NA,NA,NA,NA,NA,NA,NA,NA,NA,NA,NA,NA,NA,NA,NA,NA,NA,NA,NA,NA,NA,NA,NA,NA,NA,NA,NA,NA,NA,NA,NA,NA,NA,60,20,NA,NA,NA,NA,NA,1,1,1,1,1,1,1,1,1,1,1,1,1,NA,NA,NA,NA,NA,1,1,1,1,1,1,1,1,1,1,1,2,3
11,2,11,"220516_1031",1,"subjects",1,11,1,15.62,15.62,1,0.328794529,9,0.789464369,5,0.780620872,2,11,1,-1,-1,-1,-1,-1,90,-1,-1,-1,-1,-1,10,-1,"NULL",99999,0,0,0,0,"Deutsche Hauptstelle f¸r Suchtfragen e.V.",0,"Stiftung Orgelklang",90,10,99999,0,99999,260027,99999,99999,150,10,1,10,25,0,99999,99999,99999,99999,55,0,0,0,0,0,99999,1,27,3,99999,60,10,99999,8,1,1,99999,7,1,3,99999,3,99999,0,99999,1,1,10,60,50,147.5,35,0,11,4,140,140,10,0.83,250,20.75,10,0.83,99999,0,99999,99999,NA,NA,NA,NA,NA,NA,NA,NA,NA,NA,NA,NA,NA,NA,NA,NA,NA,NA,NA,NA,NA,NA,NA,NA,NA,NA,NA,NA,NA,NA,NA,NA,NA,NA,NA,NA,NA,NA,NA,NA,NA,NA,NA,NA,NA,50,60,NA,NA,NA,NA,1,1,1,1,1,1,1,1,1,1,1,1,1,1,NA,NA,NA,NA,6,5,5,5,6,7,7,8,9,10,10,10,10,10
11,3,11,"220516_1239",1,"subjects",1,11,1,12.8395,12.8395,1,0.092788718,11,0.901497483,1,0.175416462,10,11,1,-1,-1,-1,-1,-1,100,-1,-1,-1,-1,-1,0,-1,"NULL",99999,0,0,0,0,"Stiftung Orgelklang",0,"Deutsche Hauptstelle f¸r Suchtfragen e.V.",100,0,99999,0,99999,260027,99999,99999,150,10,1,10,25,0,99999,99999,99999,99999,95,0,0,0,0,0,99999,1,31,3,99999,40,7,99999,6,3,3,99999,10,0,0,99999,0,99999,0,99999,1,0,0,30,50,106.5,5,0.5,6,6,150,106.5,0,0,0,0,0,0,99999,0,99999,99999,NA,NA,NA,NA,NA,NA,NA,NA,NA,NA,NA,NA,NA,NA,NA,NA,NA,NA,NA,NA,NA,NA,NA,NA,NA,NA,NA,NA,NA,NA,NA,NA,NA,NA,NA,NA,NA,NA,NA,NA,NA,NA,NA,NA,NA,50,30,NA,NA,NA,NA,NA,NA,1,1,1,1,1,1,1,1,1,1,1,1,NA,NA,NA,NA,NA,NA,3,3,3,4,4,5,5,6,7,8,9,10
11,4,11,"220516_1422",1,"subjects",1,11,1,10.1005,10.1005,1,0.398001663,2,0.045527216,12,0.590634216,3,11,1,-1,-1,-1,-1,-1,80,-1,-1,-1,-1,-1,20,-1,"NULL",99999,0,0,0,0,"Deutsche Hauptstelle f¸r Suchtfragen e.V.",0,"Adipositas Stiftung Deutschland",80,20,99999,0,99999,260027,99999,99999,150,10,1,10,25,0,99999,99999,99999,99999,45,0,0,0,0,0,99999,1,27,3,99999,25,5,99999,8,2,3,99999,8,1,6,99999,1,99999,250,99999,1,1,1,40,70,73.5,-35,0,6,1,150,73.5,20,1.66,25,2.075,25,2.075,99999,0,99999,99999,NA,NA,NA,NA,NA,NA,NA,NA,NA,NA,NA,NA,NA,NA,NA,NA,NA,NA,NA,NA,NA,NA,NA,NA,NA,NA,NA,NA,NA,NA,NA,NA,NA,NA,NA,NA,NA,NA,NA,NA,NA,NA,NA,NA,NA,70,40,NA,NA,NA,NA,NA,NA,1,1,1,1,1,1,1,1,1,1,1,1,NA,NA,NA,NA,NA,NA,2,2,3,1,2,3,3,1,1,1,1,1
12,2,12,"220516_1031",1,"subjects",1,12,1,12.3,12.3,1,0.062420419,10,0.958277241,2,0.659465564,4,12,1,-1,-1,-1,-1,-1,100,-1,-1,-1,-1,-1,0,-1,"NULL",99999,0,0,0,0,"a participant of another experiment",0,"a participant of another experiment",100,0,99999,0,99999,260027,99999,99999,150,10,1,10,25,0,99999,99999,99999,99999,40,0,0,0,0,0,99999,0,28,3,99999,60,10,99999,8,2,2,99999,10,1,1,99999,3,99999,100,99999,0,1,5,30,0,123.5,10,0,3,4,100,100,0,0,125,10.375,0,0,99999,0,99999,99999,NA,NA,NA,NA,NA,NA,NA,NA,NA,NA,NA,NA,NA,NA,NA,NA,NA,NA,NA,NA,NA,NA,NA,NA,NA,NA,NA,NA,NA,NA,NA,NA,NA,NA,NA,NA,NA,NA,NA,NA,NA,NA,NA,NA,NA,70,30,NA,NA,NA,NA,NA,NA,1,1,1,1,1,1,1,1,1,1,1,1,NA,NA,NA,NA,NA,NA,4,4,5,5,5,6,6,7,7,8,9,10
12,4,12,"220516_1422",1,"subjects",1,12,1,13.5035,13.5035,1,0.193104846,7,0.204116338,10,0.109430855,12,12,1,-1,-1,-1,-1,-1,100,-1,-1,-1,-1,-1,0,-1,"NULL",99999,0,0,0,0,"Stiftung Orgelklang",0,"a participant of another experiment",100,0,99999,0,99999,260027,99999,99999,150,10,1,10,25,0,99999,99999,99999,99999,55,0,0,0,0,0,99999,0,25,1,99999,50,6,99999,7,2,3,99999,9,1,5,99999,6,99999,100,99999,1,1,6,50,60,114.5,5,0,1,8,160,114.5,0,0,150,12.45,150,12.45,99999,0,99999,99999,NA,NA,NA,NA,NA,NA,NA,NA,NA,NA,NA,NA,NA,NA,NA,NA,NA,NA,NA,NA,NA,NA,NA,NA,NA,NA,NA,NA,NA,NA,NA,NA,NA,NA,NA,NA,NA,NA,NA,NA,NA,NA,NA,NA,NA,60,50,NA,NA,NA,NA,NA,NA,NA,NA,1,1,1,1,1,1,1,1,1,1,NA,NA,NA,NA,NA,NA,NA,NA,2,2,4,4,5,5,6,6,8,8
2,1,2,"220516_0843",1,"subjects",1,2,1,16.45,16.45,1,0.02388173,9,0.407204295,4,0.678558023,3,2,1,-1,-1,-1,-1,-1,90,-1,-1,-1,-1,-1,10,-1,"NULL",99999,0,0,0,0,"a participant of another experiment",0,"Stiftung Orgelklang",90,10,99999,0,99999,260027,99999,99999,150,10,1,10,25,0,99999,99999,99999,99999,50,0,0,0,0,0,99999,1,22,3,99999,50,9,99999,5,4,4,99999,7,4,4,99999,4,99999,100,99999,1,1,4,35,60,107.5,20,0,3,2,150,150,10,0.83,100,8.3,10,0.83,99999,0,99999,99999,NA,NA,NA,NA,NA,NA,NA,NA,NA,NA,NA,NA,NA,NA,NA,NA,NA,NA,NA,NA,NA,NA,NA,NA,NA,NA,NA,NA,NA,NA,NA,NA,NA,NA,NA,NA,NA,NA,NA,NA,NA,NA,NA,NA,NA,60,35,NA,NA,NA,NA,NA,1,1,1,1,1,1,1,1,1,1,1,1,1,NA,NA,NA,NA,NA,3,4,4,5,5,6,6,7,7,8,8,9,10
2,2,2,"220516_1031",1,"subjects",1,2,1,12.3,12.3,1,0.578029233,6,0.017254579,12,0.638596318,4,2,1,-1,-1,-1,-1,-1,50,-1,-1,-1,-1,-1,50,-1,"NULL",99999,0,0,0,0,"a participant of another experiment",0,"Rattenhilfe Nordwest e.V. ",50,50,99999,0,99999,260027,99999,99999,150,10,1,10,25,0,99999,99999,99999,99999,20,0,0,0,0,0,99999,1,20,2,99999,40,7,99999,9,9,7,99999,9,2,3,99999,6,99999,200,99999,1,1,2,25,50,97.5,-10,0,0,5,100,100,50,4.15,50,4.15,50,4.15,99999,0,99999,99999,NA,NA,NA,NA,NA,NA,NA,NA,NA,NA,NA,NA,NA,NA,NA,NA,NA,NA,NA,NA,NA,NA,NA,NA,NA,NA,NA,NA,NA,NA,NA,NA,NA,NA,NA,NA,NA,NA,NA,NA,NA,NA,NA,NA,NA,50,25,NA,NA,NA,NA,NA,1,1,1,1,1,1,1,1,1,1,1,1,1,NA,NA,NA,NA,NA,5,5,5,5,6,6,6,7,7,7,7,8,8
2,3,2,"220516_1239",1,"subjects",1,2,1,15.537,15.537,1,0.08446386,11,0.266984073,7,0.558440061,6,2,1,-1,-1,-1,-1,-1,80,-1,-1,-1,-1,-1,20,-1,"NULL",99999,0,0,0,0,"Stiftung Orgelklang",0,"Adipositas Stiftung Deutschland",80,20,99999,0,99999,260027,99999,99999,150,10,1,10,25,0,99999,99999,99999,99999,45,0,0,0,0,0,99999,1,29,3,99999,40,8,99999,6,4,3,99999,10,0,5,99999,5,99999,150,99999,1,1,8,45,50,139,35,0.5,4,3,130,139,20,1.66,200,16.6,200,16.6,99999,0,99999,99999,NA,NA,NA,NA,NA,NA,NA,NA,NA,NA,NA,NA,NA,NA,NA,NA,NA,NA,NA,NA,NA,NA,NA,NA,NA,NA,NA,NA,NA,NA,NA,NA,NA,NA,NA,NA,NA,NA,NA,NA,NA,NA,NA,NA,NA,50,45,NA,NA,NA,NA,NA,NA,NA,NA,1,1,1,1,1,1,1,1,1,1,NA,NA,NA,NA,NA,NA,NA,NA,6,6,6,7,7,9,9,10,10,10
2,4,2,"220516_1422",1,"subjects",1,2,1,13.545,13.545,1,0.457171283,2,0.035430215,12,0.496878725,6,2,1,-1,-1,-1,-1,-1,60,-1,-1,-1,-1,-1,40,-1,"NULL",99999,0,0,0,0,"Deutsche Hauptstelle f¸r Suchtfragen e.V.",0,"Stiftung Orgelklang",60,40,99999,0,99999,260027,99999,99999,150,10,1,10,25,0,99999,99999,99999,99999,35,0,0,0,0,0,99999,0,24,2,99999,50,9,99999,8,6,5,99999,9,1,8,99999,3,99999,100,99999,0,1,7,60,0,115,15,0,8,2,60,115,40,3.32,175,14.525,175,14.525,99999,0,99999,99999,NA,NA,NA,NA,NA,NA,NA,NA,NA,NA,NA,NA,NA,NA,NA,NA,NA,NA,NA,NA,NA,NA,NA,NA,NA,NA,NA,NA,NA,NA,NA,NA,NA,NA,NA,NA,NA,NA,NA,NA,NA,NA,NA,NA,NA,60,60,NA,NA,NA,NA,NA,NA,1,1,1,1,1,1,1,1,1,1,1,1,NA,NA,NA,NA,NA,NA,3,4,5,5,6,6,6,7,7,8,8,9
3,1,3,"220516_0843",1,"subjects",1,3,1,16.45,16.45,1,0.556431729,6,0.844547233,1,0.102976572,10,3,1,-1,-1,-1,-1,-1,90,-1,-1,-1,-1,-1,10,-1,"NULL",99999,0,0,0,0,"Deutsche Hauptstelle f¸r Suchtfragen e.V.",0,"Stiftung Orgelklang",90,10,99999,0,99999,260027,99999,99999,150,10,1,10,25,0,99999,99999,99999,99999,20,0,0,0,0,0,99999,0,24,3,99999,35,7,99999,4,3,3,99999,8,6,5,99999,4,99999,50,99999,1,1,3,20,60,111.5,10,0.5,0,2,150,150,10,0.83,75,6.225,10,0.83,99999,0,99999,99999,NA,NA,NA,NA,NA,NA,NA,NA,NA,NA,NA,NA,NA,NA,NA,NA,NA,NA,NA,NA,NA,NA,NA,NA,NA,NA,NA,NA,NA,NA,NA,NA,NA,NA,NA,NA,NA,NA,NA,NA,NA,NA,NA,NA,NA,60,20,NA,NA,NA,NA,NA,1,1,1,1,1,1,1,1,1,1,1,1,1,NA,NA,NA,NA,NA,4,4,5,5,5,5,5,5,5,5,6,6,7
3,2,3,"220516_1031",1,"subjects",1,3,1,15.62,15.62,1,0.442957652,8,0.054855694,12,0.254630885,11,3,1,-1,-1,-1,-1,-1,90,-1,-1,-1,-1,-1,10,-1,"NULL",99999,0,0,0,0,"Rattenhilfe Nordwest e.V. ",0,"Rattenhilfe Nordwest e.V. ",90,10,99999,0,99999,260027,99999,99999,150,10,1,10,25,0,99999,99999,99999,99999,30,0,0,0,0,0,99999,0,20,1,99999,35,6,99999,9,7,6,99999,9,5,6,99999,2,99999,100,99999,1,1,1,50,50,63,-20,0,0,6,140,140,10,0.83,25,2.075,10,0.83,99999,0,99999,99999,NA,NA,NA,NA,NA,NA,NA,NA,NA,NA,NA,NA,NA,NA,NA,NA,NA,NA,NA,NA,NA,NA,NA,NA,NA,NA,NA,NA,NA,NA,NA,NA,NA,NA,NA,NA,NA,NA,NA,NA,NA,NA,NA,NA,NA,50,50,NA,NA,NA,NA,NA,NA,1,1,1,1,1,1,1,1,1,1,1,1,NA,NA,NA,NA,NA,NA,2,3,3,4,5,7,7,7,8,8,9,10
3,3,3,"220516_1239",1,"subjects",1,3,1,14.0845,14.0845,1,0.379915498,7,0.665696516,3,0.669625739,5,3,1,-1,-1,-1,-1,-1,100,-1,-1,-1,-1,-1,0,-1,"NULL",99999,0,0,0,0,"Stiftung Orgelklang",0,"Stiftung Orgelklang",100,0,99999,0,99999,260027,99999,99999,150,10,1,10,25,0,99999,99999,99999,99999,10,0,0,0,0,0,99999,1,19,2,99999,60,10,99999,6,1,6,99999,10,0,3,99999,4,99999,50,99999,1,1,4,20,60,121.5,10,0,0,3,160,121.5,0,0,100,8.3,100,8.3,99999,0,99999,99999,NA,NA,NA,NA,NA,NA,NA,NA,NA,NA,NA,NA,NA,NA,NA,NA,NA,NA,NA,NA,NA,NA,NA,NA,NA,NA,NA,NA,NA,NA,NA,NA,NA,NA,NA,NA,NA,NA,NA,NA,NA,NA,NA,NA,NA,60,20,NA,NA,NA,1,1,1,1,1,1,1,1,1,1,1,1,1,1,1,NA,NA,NA,1,1,1,1,1,1,2,2,2,2,2,2,2,2,2
3,4,3,"220516_1422",1,"subjects",1,3,1,11.719,11.719,1,0.324061897,2,0.263768734,10,0.030925439,12,3,1,-1,-1,-1,-1,-1,80,-1,-1,-1,-1,-1,20,-1,"NULL",99999,0,0,0,0,"a participant of another experiment",0,"Stiftung Orgelklang",80,20,99999,0,99999,260027,99999,99999,150,10,1,10,25,0,99999,99999,99999,99999,45,0,0,0,0,0,99999,1,31,3,99999,40,7,99999,7,2,4,99999,8,1,5,99999,4,99999,0,99999,1,1,4,50,60,93,-5,0,2,4,140,93,20,1.66,100,8.3,100,8.3,99999,0,99999,99999,NA,NA,NA,NA,NA,NA,NA,NA,NA,NA,NA,NA,NA,NA,NA,NA,NA,NA,NA,NA,NA,NA,NA,NA,NA,NA,NA,NA,NA,NA,NA,NA,NA,NA,NA,NA,NA,NA,NA,NA,NA,NA,NA,NA,NA,60,50,NA,NA,NA,NA,NA,1,1,1,1,1,1,1,1,1,1,1,1,1,NA,NA,NA,NA,NA,1,1,1,1,2,2,2,2,3,5,5,6,6
4,1,4,"220516_0843",1,"subjects",1,4,1,15.62,15.62,1,0.733584303,4,0.478032271,3,0.928781995,1,4,1,-1,-1,-1,-1,-1,90,-1,-1,-1,-1,-1,10,-1,"NULL",99999,0,0,0,0,"Deutsche Hauptstelle f¸r Suchtfragen e.V.",0,"Rattenhilfe Nordwest e.V. ",90,10,99999,0,99999,260027,99999,99999,150,10,1,10,25,0,99999,99999,99999,99999,35,0,0,0,0,0,99999,1,23,2,99999,35,6,99999,3,2,3,99999,8,2,2,99999,5,99999,10,99999,1,1,6,20,50,142,15,0,1,3,140,140,10,0.83,150,12.45,10,0.83,99999,0,99999,99999,NA,NA,NA,NA,NA,NA,NA,NA,NA,NA,NA,NA,NA,NA,NA,NA,NA,NA,NA,NA,NA,NA,NA,NA,NA,NA,NA,NA,NA,NA,NA,NA,NA,NA,NA,NA,NA,NA,NA,NA,NA,NA,NA,NA,NA,50,20,NA,NA,NA,1,1,1,1,1,1,1,1,1,1,1,1,1,1,1,NA,NA,NA,1,1,2,3,4,5,5,6,7,8,8,8,9,9,9
4,2,4,"220516_1031",1,"subjects",1,4,1,14.79,14.79,1,0.602106577,6,0.614145188,8,0.617413086,4,4,1,-1,-1,-1,-1,-1,80,-1,-1,-1,-1,-1,20,-1,"NULL",99999,0,0,0,0,"a participant of another experiment",0,"Stiftung Orgelklang",80,20,99999,0,99999,260027,99999,99999,150,10,1,10,25,0,99999,99999,99999,99999,10,0,0,0,0,0,99999,1,26,3,99999,60,10,99999,3,6,5,99999,8,6,3,99999,2,99999,100,99999,1,1,1,25,50,88.5,0,0,5,2,130,130,20,1.66,25,2.075,20,1.66,99999,0,99999,99999,NA,NA,NA,NA,NA,NA,NA,NA,NA,NA,NA,NA,NA,NA,NA,NA,NA,NA,NA,NA,NA,NA,NA,NA,NA,NA,NA,NA,NA,NA,NA,NA,NA,NA,NA,NA,NA,NA,NA,NA,NA,NA,NA,NA,NA,50,25,NA,NA,NA,1,1,1,1,1,1,1,1,1,1,1,1,1,1,1,NA,NA,NA,1,1,1,1,1,2,2,2,2,2,3,3,3,3,3
4,3,4,"220516_1239",1,"subjects",1,4,1,12.4245,12.4245,1,0.265463453,10,0.33263203,5,0.918514019,0,4,1,-1,-1,-1,-1,-1,50,-1,-1,-1,-1,-1,50,-1,"NULL",99999,0,0,0,0,"Stiftung Orgelklang",0,"Adipositas Stiftung Deutschland",50,50,99999,0,99999,260027,99999,99999,150,10,1,10,25,0,99999,99999,99999,99999,5,0,0,0,0,0,99999,0,21,2,99999,60,10,99999,2,8,6,99999,8,6,2,99999,3,99999,30,99999,0,0,0,5,0,101.5,-5,0,1,2,50,101.5,50,4.15,0,0,0,0,99999,0,99999,99999,NA,NA,NA,NA,NA,NA,NA,NA,NA,NA,NA,NA,NA,NA,NA,NA,NA,NA,NA,NA,NA,NA,NA,NA,NA,NA,NA,NA,NA,NA,NA,NA,NA,NA,NA,NA,NA,NA,NA,NA,NA,NA,NA,NA,NA,60,5,NA,NA,1,1,1,1,1,1,1,1,1,1,1,1,1,1,1,1,NA,NA,1,1,1,1,1,1,1,1,1,1,1,1,1,1,1,1
4,4,4,"220516_1422",1,"subjects",1,4,1,12.549,12.549,1,0.677760264,0,0.798542363,3,0.384321251,7,4,1,-1,-1,-1,-1,-1,100,-1,-1,-1,-1,-1,0,-1,"NULL",99999,0,0,0,0,"a participant of another experiment",0,"Stiftung Orgelklang",100,0,99999,0,99999,260027,99999,99999,150,10,1,10,25,0,99999,99999,99999,99999,30,0,0,0,0,0,99999,1,20,3,99999,60,10,99999,9,2,2,99999,6,2,1,99999,3,99999,100,99999,1,0,0,35,50,103,-30,0,0,6,150,103,0,0,0,0,0,0,99999,0,99999,99999,NA,NA,NA,NA,NA,NA,NA,NA,NA,NA,NA,NA,NA,NA,NA,NA,NA,NA,NA,NA,NA,NA,NA,NA,NA,NA,NA,NA,NA,NA,NA,NA,NA,NA,NA,NA,NA,NA,NA,NA,NA,NA,NA,NA,NA,50,35,NA,NA,NA,NA,NA,NA,1,1,1,1,1,1,1,1,1,1,1,1,NA,NA,NA,NA,NA,NA,1,2,3,3,3,3,3,3,3,3,3,3
5,1,5,"220516_0843",1,"subjects",1,5,1,13.96,13.96,1,0.291205078,6,0.834038733,1,0.339828205,9,5,1,-1,-1,-1,-1,-1,60,-1,-1,-1,-1,-1,40,-1,"NULL",99999,0,0,0,0,"a participant of another experiment",0,"Deutsche Hauptstelle f¸r Suchtfragen e.V.",60,40,99999,0,99999,260027,99999,99999,150,10,1,10,25,0,99999,99999,99999,99999,65,0,0,0,0,0,99999,1,22,3,99999,40,7,99999,8,2,3,99999,10,1,8,99999,4,99999,40,99999,1,0,0,40,60,103,-55,0,0,6,120,120,40,3.32,0,0,40,3.32,99999,0,99999,99999,NA,NA,NA,NA,NA,NA,NA,NA,NA,NA,NA,NA,NA,NA,NA,NA,NA,NA,NA,NA,NA,NA,NA,NA,NA,NA,NA,NA,NA,NA,NA,NA,NA,NA,NA,NA,NA,NA,NA,NA,NA,NA,NA,NA,NA,60,40,NA,NA,NA,NA,NA,NA,1,1,1,1,1,1,1,1,1,1,1,1,NA,NA,NA,NA,NA,NA,6,6,7,8,8,9,9,10,10,10,10,10
5,2,5,"220516_1031",1,"subjects",1,5,1,18.11,18.11,1,0.665213061,6,0.217495399,12,0.86285753,1,5,1,-1,-1,-1,-1,-1,100,-1,-1,-1,-1,-1,0,-1,"NULL",99999,0,0,0,0,"Rattenhilfe Nordwest e.V. ",0,"Stiftung Orgelklang",100,0,99999,0,99999,260027,99999,99999,150,10,1,10,25,0,99999,99999,99999,99999,15,0,0,0,0,0,99999,0,23,1,99999,40,7,99999,2,8,2,99999,4,6,2,99999,2,99999,0,99999,1,0,0,25,70,102,-15,0,0,4,170,170,0,0,0,0,0,0,99999,0,99999,99999,NA,NA,NA,NA,NA,NA,NA,NA,NA,NA,NA,NA,NA,NA,NA,NA,NA,NA,NA,NA,NA,NA,NA,NA,NA,NA,NA,NA,NA,NA,NA,NA,NA,NA,NA,NA,NA,NA,NA,NA,NA,NA,NA,NA,NA,70,25,NA,NA,NA,NA,1,1,1,1,1,1,1,1,1,1,1,1,1,1,NA,NA,NA,NA,1,1,1,1,1,1,1,1,1,1,1,1,1,1
5,3,5,"220516_1239",1,"subjects",1,5,1,13.1715,13.1715,1,0.374312058,7,0.673136131,3,0.941409444,0,5,1,-1,-1,-1,-1,-1,100,-1,-1,-1,-1,-1,0,-1,"NULL",99999,0,0,0,0,"Rattenhilfe Nordwest e.V. ",0,"Stiftung Orgelklang",100,0,99999,0,99999,260027,99999,99999,150,10,1,10,25,0,99999,99999,99999,99999,1,0,0,0,0,0,99999,1,21,1,99999,35,6,99999,2,1,6,99999,9,2,2,99999,1,99999,15,99999,1,1,1,5,50,110.5,-1,0,9,2,150,110.5,0,0,25,2.075,25,2.075,99999,0,99999,99999,NA,NA,NA,NA,NA,NA,NA,NA,NA,NA,NA,NA,NA,NA,NA,NA,NA,NA,NA,NA,NA,NA,NA,NA,NA,NA,NA,NA,NA,NA,NA,NA,NA,NA,NA,NA,NA,NA,NA,NA,NA,NA,NA,NA,NA,50,5,NA,NA,NA,1,NA,1,1,1,1,1,1,1,1,1,1,1,1,1,NA,NA,NA,1,NA,1,1,1,1,1,1,1,1,1,1,1,1,1
5,4,5,"220516_1422",1,"subjects",1,5,1,17.9025,17.9025,1,0.914991814,0,0.667708424,6,0.631089932,3,5,1,-1,-1,-1,-1,-1,90,-1,-1,-1,-1,-1,10,-1,"NULL",99999,0,0,0,0,"Stiftung Orgelklang",0,"a participant of another experiment",90,10,99999,0,99999,260027,99999,99999,150,10,1,10,25,0,99999,99999,99999,99999,30,0,0,0,0,0,99999,0,24,3,99999,30,5,99999,3,8,7,99999,9,7,8,99999,2,99999,20,99999,1,1,10,35,50,167.5,70,0,2,3,140,167.5,10,0.83,250,20.75,250,20.75,99999,0,99999,99999,NA,NA,NA,NA,NA,NA,NA,NA,NA,NA,NA,NA,NA,NA,NA,NA,NA,NA,NA,NA,NA,NA,NA,NA,NA,NA,NA,NA,NA,NA,NA,NA,NA,NA,NA,NA,NA,NA,NA,NA,NA,NA,NA,NA,NA,50,35,NA,NA,NA,NA,NA,NA,NA,1,1,1,1,1,1,1,1,1,1,1,NA,NA,NA,NA,NA,NA,NA,2,4,6,6,7,7,8,8,9,10,10
6,1,6,"220516_0843",1,"subjects",1,6,1,17.28,17.28,1,0.477814647,6,0.840308273,1,0.637880742,3,6,1,-1,-1,-1,-1,-1,100,-1,-1,-1,-1,-1,0,-1,"NULL",99999,0,0,0,0,"Rattenhilfe Nordwest e.V. ",0,"a participant of another experiment",100,0,99999,0,99999,260027,99999,99999,150,10,1,10,25,0,99999,99999,99999,99999,1,0,0,0,0,0,99999,1,30,3,99999,1,1,99999,2,3,3,99999,9,0,2,99999,4,99999,100,99999,1,1,1,50,60,65,-1,0,1,9,160,160,0,0,25,2.075,0,0,99999,0,99999,99999,NA,NA,NA,NA,NA,NA,NA,NA,NA,NA,NA,NA,NA,NA,NA,NA,NA,NA,NA,NA,NA,NA,NA,NA,NA,NA,NA,NA,NA,NA,NA,NA,NA,NA,NA,NA,NA,NA,NA,NA,NA,NA,NA,NA,NA,60,50,NA,NA,NA,NA,NA,NA,NA,NA,NA,NA,NA,1,NA,NA,NA,NA,NA,NA,NA,NA,NA,NA,NA,NA,NA,NA,NA,NA,NA,1,NA,NA,NA,NA,NA,NA
6,2,6,"220516_1031",1,"subjects",1,6,1,14.79,14.79,1,0.610558034,6,0.77692948,5,0.813965039,2,6,1,-1,-1,-1,-1,-1,80,-1,-1,-1,-1,-1,20,-1,"NULL",99999,0,0,0,0,"Deutsche Hauptstelle f¸r Suchtfragen e.V.",0,"a participant of another experiment",80,20,99999,0,99999,260027,99999,99999,150,10,1,10,25,0,99999,99999,99999,99999,45,0,0,0,0,0,99999,0,31,2,99999,60,10,99999,8,10,9,99999,10,8,9,99999,4,99999,100,99999,1,1,7,65,50,106.5,-15,0,1,2,130,130,20,1.66,175,14.525,20,1.66,99999,0,99999,99999,NA,NA,NA,NA,NA,NA,NA,NA,NA,NA,NA,NA,NA,NA,NA,NA,NA,NA,NA,NA,NA,NA,NA,NA,NA,NA,NA,NA,NA,NA,NA,NA,NA,NA,NA,NA,NA,NA,NA,NA,NA,NA,NA,NA,NA,50,65,NA,NA,NA,NA,NA,NA,NA,NA,NA,1,1,1,1,1,1,1,1,1,NA,NA,NA,NA,NA,NA,NA,NA,NA,9,10,10,10,10,10,10,10,10
6,3,6,"220516_1239",1,"subjects",1,6,1,12.3415,12.3415,1,0.170387301,10,0.957238162,0,0.399802317,8,6,1,-1,-1,-1,-1,-1,70,-1,-1,-1,-1,-1,30,-1,"NULL",99999,0,0,0,0,"Deutsche Hauptstelle f¸r Suchtfragen e.V.",0,"Stiftung Orgelklang",70,30,99999,0,99999,260027,99999,99999,150,10,1,10,25,0,99999,99999,99999,99999,5,0,0,0,0,0,99999,1,20,3,99999,5,1,99999,9,3,5,99999,8,1,5,99999,2,99999,0,99999,1,0,0,3,50,100.5,-5,0,0,1,120,100.5,30,2.49,0,0,0,0,99999,0,99999,99999,NA,NA,NA,NA,NA,NA,NA,NA,NA,NA,NA,NA,NA,NA,NA,NA,NA,NA,NA,NA,NA,NA,NA,NA,NA,NA,NA,NA,NA,NA,NA,NA,NA,NA,NA,NA,NA,NA,NA,NA,NA,NA,NA,NA,NA,50,3,NA,1,1,1,1,1,1,1,1,1,1,1,1,1,1,1,1,1,NA,1,1,1,1,1,1,1,1,1,1,1,1,1,1,1,1,1
6,4,6,"220516_1422",1,"subjects",1,6,1,14.5825,14.5825,1,0.513443362,2,0.262483809,10,0.504077523,6,6,1,-1,-1,-1,-1,-1,70,-1,-1,-1,-1,-1,30,-1,"NULL",99999,0,0,0,0,"a participant of another experiment",0,"Deutsche Hauptstelle f¸r Suchtfragen e.V.",70,30,99999,0,99999,260027,99999,99999,150,10,1,10,25,0,99999,99999,99999,99999,95,0,0,0,0,0,99999,0,23,3,99999,60,10,99999,5,4,3,99999,9,1,4,99999,5,99999,200,99999,1,1,6,35,50,127.5,5,0,2,3,120,127.5,30,2.49,150,12.45,150,12.45,99999,0,99999,99999,NA,NA,NA,NA,NA,NA,NA,NA,NA,NA,NA,NA,NA,NA,NA,NA,NA,NA,NA,NA,NA,NA,NA,NA,NA,NA,NA,NA,NA,NA,NA,NA,NA,NA,NA,NA,NA,NA,NA,NA,NA,NA,NA,NA,NA,50,35,NA,NA,NA,NA,NA,1,1,1,1,1,1,1,1,1,1,1,1,1,NA,NA,NA,NA,NA,4,4,4,4,5,5,5,5,5,7,8,9,10
7,1,7,"220516_0843",1,"subjects",1,7,1,13.96,13.96,1,0.805835926,2,0.406188287,4,0.386015982,9,7,1,-1,-1,-1,-1,-1,70,-1,-1,-1,-1,-1,30,-1,"NULL",99999,0,0,0,0,"a participant of another experiment",0,"Rattenhilfe Nordwest e.V. ",70,30,99999,0,99999,260027,99999,99999,150,10,1,10,25,0,99999,99999,99999,99999,40,0,0,0,0,0,99999,0,27,3,99999,40,7,99999,3,7,9,99999,9,3,2,99999,4,99999,200,99999,1,1,10,45,50,155.5,60,0,1,0,120,120,30,2.49,250,20.75,30,2.49,99999,0,99999,99999,NA,NA,NA,NA,NA,NA,NA,NA,NA,NA,NA,NA,NA,NA,NA,NA,NA,NA,NA,NA,NA,NA,NA,NA,NA,NA,NA,NA,NA,NA,NA,NA,NA,NA,NA,NA,NA,NA,NA,NA,NA,NA,NA,NA,NA,50,45,NA,NA,NA,NA,NA,NA,NA,1,1,1,1,1,1,1,1,1,1,1,NA,NA,NA,NA,NA,NA,NA,5,5,5,4,5,5,6,6,8,7,5
7,2,7,"220516_1031",1,"subjects",1,7,1,17.28,17.28,1,0.956506657,0,0.733718935,6,0.800955645,2,7,1,-1,-1,-1,-1,-1,100,-1,-1,-1,-1,-1,0,-1,"NULL",99999,0,0,0,0,"Stiftung Orgelklang",0,"a participant of another experiment",100,0,99999,0,99999,260027,99999,99999,150,10,1,10,25,0,99999,99999,99999,99999,15,0,0,0,0,0,99999,0,22,1,99999,40,6,99999,3,8,7,99999,9,7,8,99999,5,99999,80,99999,1,1,1,15,60,97,-5,0,2,2,160,160,0,0,25,2.075,0,0,99999,0,99999,99999,NA,NA,NA,NA,NA,NA,NA,NA,NA,NA,NA,NA,NA,NA,NA,NA,NA,NA,NA,NA,NA,NA,NA,NA,NA,NA,NA,NA,NA,NA,NA,NA,NA,NA,NA,NA,NA,NA,NA,NA,NA,NA,NA,NA,NA,60,15,NA,NA,NA,NA,1,1,1,1,1,1,1,1,1,1,1,1,1,1,NA,NA,NA,NA,1,1,1,1,1,2,2,2,2,3,3,4,4,5
7,3,7,"220516_1239",1,"subjects",1,7,1,9.478,9.478,1,0.508676898,6,0.39894959,4,0.016078524,11,7,1,-1,-1,-1,-1,-1,90,-1,-1,-1,-1,-1,10,-1,"NULL",99999,0,0,0,0,"a participant of another experiment",0,"Stiftung Orgelklang",90,10,99999,0,99999,260027,99999,99999,150,10,1,10,25,0,99999,99999,99999,99999,45,0,0,0,0,0,99999,1,24,3,99999,35,6,99999,9,1,7,99999,10,1,5,99999,6,99999,200,99999,0,1,1,45,0,66,-35,0,0,2,90,66,10,0.83,25,2.075,25,2.075,99999,0,99999,99999,NA,NA,NA,NA,NA,NA,NA,NA,NA,NA,NA,NA,NA,NA,NA,NA,NA,NA,NA,NA,NA,NA,NA,NA,NA,NA,NA,NA,NA,NA,NA,NA,NA,NA,NA,NA,NA,NA,NA,NA,NA,NA,NA,NA,NA,60,45,NA,NA,NA,NA,NA,NA,NA,NA,1,1,1,1,1,1,1,1,1,1,NA,NA,NA,NA,NA,NA,NA,NA,5,5,5,5,5,5,5,5,5,5
7,4,7,"220516_1422",1,"subjects",1,7,1,13.4205,13.4205,1,0.035341117,10,0.583285405,6,0.322802995,8,7,1,-1,-1,-1,-1,-1,100,-1,-1,-1,-1,-1,0,-1,"NULL",99999,0,0,0,0,"Stiftung Orgelklang",0,"Stiftung Orgelklang",100,0,99999,0,99999,260027,99999,99999,150,10,1,10,25,0,99999,99999,99999,99999,40,0,0,0,0,0,99999,1,23,3,99999,50,7,99999,8,3,3,99999,10,0,2,99999,5,99999,100,99999,1,1,6,50,50,113.5,20,0,2,5,150,113.5,0,0,150,12.45,150,12.45,99999,0,99999,99999,NA,NA,NA,NA,NA,NA,NA,NA,NA,NA,NA,NA,NA,NA,NA,NA,NA,NA,NA,NA,NA,NA,NA,NA,NA,NA,NA,NA,NA,NA,NA,NA,NA,NA,NA,NA,NA,NA,NA,NA,NA,NA,NA,NA,NA,50,50,NA,NA,NA,NA,NA,NA,NA,NA,NA,1,1,1,1,1,1,1,1,1,NA,NA,NA,NA,NA,NA,NA,NA,NA,6,6,5,3,3,3,1,1,1
8,1,8,"220516_0843",1,"subjects",1,8,1,10.64,10.64,1,0.108773301,9,0.29596994,4,0.524825823,6,8,1,-1,-1,-1,-1,-1,80,-1,-1,-1,-1,-1,20,-1,"NULL",99999,0,0,0,0,"Stiftung Orgelklang",0,"Stiftung Orgelklang",80,20,99999,0,99999,260027,99999,99999,150,10,1,10,25,0,99999,99999,99999,99999,95,0,0,0,0,0,99999,1,27,3,99999,10,10,99999,7,1,7,99999,10,0,4,99999,2,99999,100,99999,0,1,9,85,0,105.5,5,0,0,1,80,80,20,1.66,225,18.675,20,1.66,99999,0,99999,99999,NA,NA,NA,NA,NA,NA,NA,NA,NA,NA,NA,NA,NA,NA,NA,NA,NA,NA,NA,NA,NA,NA,NA,NA,NA,NA,NA,NA,NA,NA,NA,NA,NA,NA,NA,NA,NA,NA,NA,NA,NA,NA,NA,NA,NA,50,85,NA,1,1,1,1,1,1,1,1,1,1,1,1,1,1,1,1,NA,NA,3,5,5,5,5,6,6,6,7,7,8,8,8,9,10,10,NA
8,2,8,"220516_1031",1,"subjects",1,8,1,12.3,12.3,1,0.559768803,6,0.630549942,8,0.728617537,2,8,1,-1,-1,-1,-1,-1,50,-1,-1,-1,-1,-1,50,-1,"NULL",99999,0,0,0,0,"Adipositas Stiftung Deutschland",0,"Deutsche Hauptstelle f¸r Suchtfragen e.V.",50,50,99999,0,99999,260027,99999,99999,150,10,1,10,25,0,99999,99999,99999,99999,65,0,0,0,0,0,99999,0,19,1,99999,40,7,99999,7,6,5,99999,8,4,2,99999,5,99999,10,99999,1,1,4,30,50,113.5,35,0,7,0,100,100,50,4.15,100,8.3,50,4.15,99999,0,99999,99999,NA,NA,NA,NA,NA,NA,NA,NA,NA,NA,NA,NA,NA,NA,NA,NA,NA,NA,NA,NA,NA,NA,NA,NA,NA,NA,NA,NA,NA,NA,NA,NA,NA,NA,NA,NA,NA,NA,NA,NA,NA,NA,NA,NA,NA,50,30,NA,NA,NA,1,1,1,1,1,1,1,1,1,1,1,1,1,1,1,NA,NA,NA,1,3,4,4,5,6,7,8,8,9,10,10,10,10,10
8,3,8,"220516_1239",1,"subjects",1,8,1,12.3,12.3,1,0.634978548,5,0.569802207,3,0.067060711,11,8,1,-1,-1,-1,-1,-1,80,-1,-1,-1,-1,-1,20,-1,"NULL",99999,0,0,0,0,"Adipositas Stiftung Deutschland",0,"a participant of another experiment",80,20,99999,0,99999,260027,99999,99999,150,10,1,10,25,0,99999,99999,99999,99999,1,0,0,0,0,0,99999,1,27,3,99999,35,6,99999,7,1,6,99999,10,0,8,99999,5,99999,200,99999,1,1,3,35,60,100,-1,0,5,5,140,100,20,1.66,75,6.225,75,6.225,99999,0,99999,99999,NA,NA,NA,NA,NA,NA,NA,NA,NA,NA,NA,NA,NA,NA,NA,NA,NA,NA,NA,NA,NA,NA,NA,NA,NA,NA,NA,NA,NA,NA,NA,NA,NA,NA,NA,NA,NA,NA,NA,NA,NA,NA,NA,NA,NA,60,35,NA,NA,NA,NA,NA,NA,1,1,1,1,1,1,1,1,1,1,1,1,NA,NA,NA,NA,NA,NA,2,2,5,5,6,6,6,7,7,8,9,10
8,4,8,"220516_1422",1,"subjects",1,8,1,12.5075,12.5075,1,0.763231075,0,0.712704114,5,0.195626792,10,8,1,-1,-1,-1,-1,-1,90,-1,-1,-1,-1,-1,10,-1,"NULL",99999,0,0,0,0,"a participant of another experiment",0,"a participant of another experiment",90,10,99999,0,99999,260027,99999,99999,150,10,1,10,25,0,99999,99999,99999,99999,60,0,0,0,0,0,99999,0,25,3,99999,60,10,99999,9,5,7,99999,9,4,5,99999,4,99999,200,99999,1,1,6,60,50,102.5,0,0,2,3,140,102.5,10,0.83,150,12.45,150,12.45,99999,0,99999,99999,NA,NA,NA,NA,NA,NA,NA,NA,NA,NA,NA,NA,NA,NA,NA,NA,NA,NA,NA,NA,NA,NA,NA,NA,NA,NA,NA,NA,NA,NA,NA,NA,NA,NA,NA,NA,NA,NA,NA,NA,NA,NA,NA,NA,NA,50,60,NA,NA,NA,1,1,1,1,1,1,1,1,1,1,1,1,1,1,1,NA,NA,NA,1,2,3,4,5,6,7,7,8,9,10,10,10,10,10
9,1,9,"220516_0843",1,"subjects",1,9,1,12.3,12.3,1,0.978025025,0,0.415439893,3,0.536454469,6,9,1,-1,-1,-1,-1,-1,50,-1,-1,-1,-1,-1,50,-1,"NULL",99999,0,0,0,0,"Stiftung Orgelklang",0,"a participant of another experiment",50,50,99999,0,99999,260027,99999,99999,150,10,1,10,25,0,99999,99999,99999,99999,30,0,0,0,0,0,99999,1,26,3,99999,30,5,99999,8,2,3,99999,9,3,6,99999,1,99999,300,99999,1,1,3,40,50,94,0,0,5,3,100,100,50,4.15,75,6.225,50,4.15,99999,0,99999,99999,NA,NA,NA,NA,NA,NA,NA,NA,NA,NA,NA,NA,NA,NA,NA,NA,NA,NA,NA,NA,NA,NA,NA,NA,NA,NA,NA,NA,NA,NA,NA,NA,NA,NA,NA,NA,NA,NA,NA,NA,NA,NA,NA,NA,NA,50,40,NA,NA,NA,NA,NA,NA,1,1,1,1,1,1,1,1,1,1,1,1,NA,NA,NA,NA,NA,NA,2,3,4,5,5,6,6,7,7,8,9,9
9,2,9,"220516_1031",1,"subjects",1,9,1,8.15,8.15,1,0.773703296,4,0.235914127,12,0.856451468,2,9,1,-1,-1,-1,-1,-1,50,-1,-1,-1,-1,-1,50,-1,"NULL",99999,0,0,0,0,"Stiftung Orgelklang",0,"Adipositas Stiftung Deutschland",50,50,99999,0,99999,260027,99999,99999,150,10,1,10,25,0,99999,99999,99999,99999,25,0,0,0,0,0,99999,0,20,3,99999,25,5,99999,3,6,6,99999,10,6,3,99999,2,99999,100,99999,0,0,0,20,0,101.5,-25,0,0,3,50,50,50,4.15,0,0,50,4.15,99999,0,99999,99999,NA,NA,NA,NA,NA,NA,NA,NA,NA,NA,NA,NA,NA,NA,NA,NA,NA,NA,NA,NA,NA,NA,NA,NA,NA,NA,NA,NA,NA,NA,NA,NA,NA,NA,NA,NA,NA,NA,NA,NA,NA,NA,NA,NA,NA,60,20,NA,NA,NA,1,1,1,1,1,1,1,1,1,1,1,1,1,1,1,NA,NA,NA,2,3,3,4,5,5,5,5,6,6,7,8,9,9,10
9,3,9,"220516_1239",1,"subjects",1,9,1,9.1045,9.1045,1,0.6506461,4,0.728260268,1,0.979869675,0,9,1,-1,-1,-1,-1,-1,100,-1,-1,-1,-1,-1,0,-1,"NULL",99999,0,0,0,0,"Stiftung Orgelklang",0,"Deutsche Hauptstelle f¸r Suchtfragen e.V.",100,0,99999,0,99999,260027,99999,99999,150,10,1,10,25,0,99999,99999,99999,99999,50,0,0,0,0,0,99999,0,22,1,99999,60,10,99999,7,4,2,99999,9,3,0,99999,5,99999,0,99999,1,1,1,50,60,61.5,-40,0,0,3,160,61.5,0,0,25,2.075,25,2.075,99999,0,99999,99999,NA,NA,NA,NA,NA,NA,NA,NA,NA,NA,NA,NA,NA,NA,NA,NA,NA,NA,NA,NA,NA,NA,NA,NA,NA,NA,NA,NA,NA,NA,NA,NA,NA,NA,NA,NA,NA,NA,NA,NA,NA,NA,NA,NA,NA,60,50,NA,NA,NA,NA,NA,NA,NA,NA,NA,1,1,1,1,1,1,1,1,1,NA,NA,NA,NA,NA,NA,NA,NA,NA,3,4,4,5,6,7,7,8,10
9,4,9,"220516_1422",1,"subjects",1,9,1,14.956,14.956,1,0.213951831,7,0.076952064,11,0.490726584,6,9,1,-1,-1,-1,-1,-1,90,-1,-1,-1,-1,-1,10,-1,"NULL",99999,0,0,0,0,"Stiftung Orgelklang",0,"a participant of another experiment",90,10,99999,0,99999,260027,99999,99999,150,10,1,10,25,0,99999,99999,99999,99999,50,0,0,0,0,0,99999,0,19,2,99999,40,7,99999,3,2,8,99999,9,2,8,99999,5,99999,0,99999,1,1,7,40,50,132,10,0,1,3,140,132,10,0.83,175,14.525,175,14.525,99999,0,99999,99999,NA,NA,NA,NA,NA,NA,NA,NA,NA,NA,NA,NA,NA,NA,NA,NA,NA,NA,NA,NA,NA,NA,NA,NA,NA,NA,NA,NA,NA,NA,NA,NA,NA,NA,NA,NA,NA,NA,NA,NA,NA,NA,NA,NA,NA,50,40,NA,NA,NA,NA,NA,NA,NA,1,1,1,1,1,1,1,1,1,1,1,NA,NA,NA,NA,NA,NA,NA,1,2,3,4,5,6,7,9,10,10,10
